Player,Team,Season,Position,Age,Matches_Played,Minutes_Played,Goals,Assists,Overall_Rating
Antonio Sivera,Deportivo Alaves,2025-2026,GK,29-257,32.0,"2,880",0.0,0.0,42.6
Jonny Castro,Deportivo Alaves,2025-2026,DF,32-053,31.0,"2,724",0.0,0.0,41.9
Nahuel Tenaglia,Deportivo Alaves,2025-2026,DF,30-063,30.0,"2,699",1.0,0.0,45.0
Antonio Blanco,Deportivo Alaves,2025-2026,MF,25-276,30.0,"2,570",1.0,2.0,45.7
Toni Martínez,Deportivo Alaves,2025-2026,FW,28-299,31.0,"2,217",9.0,3.0,66.9
Pablo Ibáñez,Deportivo Alaves,2025-2026,MF,27-217,31.0,"1,918",1.0,1.0,45.2
Carles Aleñá,Deportivo Alaves,2025-2026,MF,28-110,32.0,"1,909",0.0,4.0,45.9
Lucas Boyé,Deportivo Alaves,2025-2026,FW,30-056,26.0,"1,863",11.0,1.0,65.3
Jon Pacheco,Deportivo Alaves,2025-2026,DF,25-107,21.0,"1,725",0.0,0.0,40.9
Victor Parada,Deportivo Alaves,2025-2026,DF,24-021,24.0,"1,685",0.0,3.0,43.1
Youssef Lekhedim,Deportivo Alaves,2025-2026,"DF,MF",20-200,23.0,"1,266",0.0,1.0,42.6
Calebe,Deportivo Alaves,2025-2026,MF,25-360,18.0,742,0.0,0.0,43.1
Denis Suárez,Deportivo Alaves,2025-2026,MF,32-109,24.0,"1,124",1.0,2.0,45.9
Carlos Vicente,Deportivo Alaves,2025-2026,MF,27-002,21.0,"1,258",5.0,0.0,51.8
Jon Guridi,Deportivo Alaves,2025-2026,"MF,FW",31-056,22.0,859,0.0,0.0,43.1
Abde Rebbach,Deportivo Alaves,2025-2026,"MF,DF",27-257,24.0,"1,002",1.0,1.0,45.2
Facundo Garcés,Deportivo Alaves,2025-2026,DF,26-232,10.0,793,0.0,0.0,43.1
Ángel Pérez,Deportivo Alaves,2025-2026,"MF,DF",23-239,10.0,758,1.0,1.0,43.1
Mariano,Deportivo Alaves,2025-2026,FW,32-267,10.0,288,0.0,0.0,43.1
Carlos Benavídez,Deportivo Alaves,2025-2026,DF,28-026,9.0,242,0.0,0.0,43.1
Moussa Diarra,Deportivo Alaves,2025-2026,DF,25-166,3.0,216,0.0,0.0,43.1
Ander Guevara,Deportivo Alaves,2025-2026,MF,28-292,22.0,609,1.0,1.0,43.1
Ibrahim Diabaté,Deportivo Alaves,2025-2026,FW,26-159,4.0,201,1.0,0.0,43.1
Aitor Mañas,Deportivo Alaves,2025-2026,FW,23-110,6.0,71,0.0,0.0,43.1
Ville Koski,Deportivo Alaves,2025-2026,DF,24-088,2.0,12,0.0,0.0,43.1
Diego Morcillo,Deportivo Alaves,2025-2026,FW,22-311,1.0,10,0.0,0.0,43.1
Lander Pinillos,Deportivo Alaves,2025-2026,MF,22-201,1.0,2,0.0,0.0,43.1
Carlos Ballestero,Deportivo Alaves,2025-2026,DF,22-001,1.0,1,0.0,0.0,43.1
Raúl Fernández,Deportivo Alaves,2025-2026,GK,38-043,0.0,,,,43.1
Izei Hernandez,Deportivo Alaves,2025-2026,FW,19-082,0.0,,,,43.1
Nikola Maraš,Deportivo Alaves,2025-2026,DF,30-127,0.0,,,,43.1
Rubén Montero,Deportivo Alaves,2025-2026,GK,20-240,0.0,,,,43.1
Egoitz Muñoz,Deportivo Alaves,2025-2026,DF,21-114,0.0,,,,43.1
Xanet Olaiz,Deportivo Alaves,2025-2026,DF,20-311,0.0,,,,43.1
Paco Sanz,Deportivo Alaves,2025-2026,DF,21-161,0.0,,,,43.1
Grégoire Swiderski,Deportivo Alaves,2025-2026,GK,20-202,0.0,,,,43.1
Unai Simón,Athletic Club,2025-2026,GK,28-318,,"2,880",0.0,0.0,42.8
Mikel Jauregizar,Athletic Club,2025-2026,MF,22-163,,"2,514",2.0,0.0,45.7
Yuri Berchiche,Athletic Club,2025-2026,DF,36-074,,"2,373",0.0,4.0,45.9
Iñigo Ruiz de Galarreta,Athletic Club,2025-2026,MF,32-262,,"1,881",1.0,1.0,44.0
Daniel Vivian,Athletic Club,2025-2026,DF,26-284,,"2,294",1.0,0.0,42.6
Álex Berenguer,Athletic Club,2025-2026,MF,30-295,,"1,936",2.0,3.0,49.7
Gorka Guruzeta,Athletic Club,2025-2026,FW,29-225,,"1,911",8.0,1.0,59.8
Oihan Sancet,Athletic Club,2025-2026,MF,26-000,,"1,651",3.0,0.0,46.4
Iñaki Williams,Athletic Club,2025-2026,"MF,FW",31-314,,"1,751",2.0,4.0,50.2
Aymeric Laporte,Athletic Club,2025-2026,DF,31-333,,"1,743",0.0,1.0,43.5
Nico Williams,Athletic Club,2025-2026,MF,23-287,,"1,482",4.0,2.0,53.2
Aitor Paredes,Athletic Club,2025-2026,DF,25-361,,"1,450",1.0,0.0,44.5
Jesús Areso,Athletic Club,2025-2026,DF,26-297,,"1,418",0.0,1.0,43.3
Andoni Gorosabel,Athletic Club,2025-2026,DF,29-264,,953,0.0,1.0,43.1
Iñigo Lekue,Athletic Club,2025-2026,DF,32-356,,569,0.0,0.0,43.1
Roberto Navarro,Athletic Club,2025-2026,MF,24-013,,947,5.0,1.0,43.1
Alejandro Rego,Athletic Club,2025-2026,MF,22-318,,888,1.0,0.0,43.1
Unai Gómez,Athletic Club,2025-2026,"MF,FW",22-335,,627,1.0,1.0,43.1
Adama Boiro,Athletic Club,2025-2026,DF,23-307,,605,0.0,0.0,43.1
Nicolás Serrano,Athletic Club,2025-2026,MF,23-051,,344,1.0,0.0,43.1
Maroan Sannadi,Athletic Club,2025-2026,FW,25-083,,279,1.0,0.0,43.1
Selton Sánchez,Athletic Club,2025-2026,MF,19-064,,196,0.0,1.0,43.1
Yeray Álvarez,Athletic Club,2025-2026,DF,31-091,,153,0.0,0.0,43.1
Mikel Vesga,Athletic Club,2025-2026,MF,32-339,,418,0.0,0.0,43.1
Urko Izeta,Athletic Club,2025-2026,FW,26-208,,171,0.0,0.0,43.1
Beñat Prados,Athletic Club,2025-2026,MF,25-076,,85,0.0,0.0,43.1
Eder García,Athletic Club,2025-2026,FW,22-111,,38,0.0,0.0,43.1
Asier Hierro,Athletic Club,2025-2026,FW,20-354,,34,0.0,0.0,43.1
Alex Padilla,Athletic Club,2025-2026,GK,22-236,,,0.0,0.0,42.1
Endika Buján,Athletic Club,2025-2026,FW,23-099,,,,,43.1
Unai Eguíluz,Athletic Club,2025-2026,DF,24-037,,,,,43.1
Jon de Luis,Athletic Club,2025-2026,DF,22-263,,,,,43.1
Iker Monreal,Athletic Club,2025-2026,DF,20-296,,,,,43.1
Ibon Sánchez,Athletic Club,2025-2026,MF,22-048,,,,,43.1
Mikel Santos,Athletic Club,2025-2026,GK,21-175,,,,,43.1
Unai Vencedor Paris,Athletic Club,2025-2026,MF,25-161,,,,,43.1
Jan Oblak,Atletico Madrid,2025-2026,GK,33-108,,"2,430",0.0,0.0,43.1
Dávid Hancko,Atletico Madrid,2025-2026,DF,28-133,,"2,117",0.0,2.0,44.5
Giuliano Simeone,Atletico Madrid,2025-2026,MF,23-128,,"1,938",4.0,6.0,57.9
Julián Álvarez,Atletico Madrid,2025-2026,FW,26-084,,"1,895",8.0,4.0,63.4
Marcos Llorente,Atletico Madrid,2025-2026,DF,31-085,,"1,861",0.0,4.0,45.7
Koke,Atletico Madrid,2025-2026,MF,34-107,,"1,770",2.0,2.0,48.5
Pablo Barrios,Atletico Madrid,2025-2026,MF,22-314,,"1,604",1.0,1.0,46.4
Alexander Sørloth,Atletico Madrid,2025-2026,FW,30-141,,"1,680",10.0,0.0,64.8
Nicolás González,Atletico Madrid,2025-2026,"MF,DF",28-019,,"1,420",5.0,0.0,53.0
Alex Baena,Atletico Madrid,2025-2026,"MF,FW",24-279,,"1,282",2.0,2.0,48.7
Matteo Ruggeri,Atletico Madrid,2025-2026,DF,23-288,,"1,369",0.0,3.0,45.0
Robin Le Normand,Atletico Madrid,2025-2026,DF,29-165,,"1,468",1.0,1.0,45.7
Thiago Almada,Atletico Madrid,2025-2026,"MF,FW",24-364,,"1,119",3.0,1.0,49.9
Clément Lenglet,Atletico Madrid,2025-2026,DF,30-312,,"1,084",0.0,1.0,41.7
Nahuel Molina,Atletico Madrid,2025-2026,DF,28-019,,"1,182",2.0,1.0,47.8
José María Giménez,Atletico Madrid,2025-2026,DF,31-095,,"1,159",0.0,1.0,43.3
Johnny Cardoso,Atletico Madrid,2025-2026,MF,24-217,,854,0.0,0.0,43.1
Marc Pubill,Atletico Madrid,2025-2026,DF,22-309,,976,0.0,1.0,43.1
Antoine Griezmann,Atletico Madrid,2025-2026,FW,35-035,,"1,071",6.0,1.0,57.9
Rodrigo Mendoza,Atletico Madrid,2025-2026,MF,21-041,,345,0.0,1.0,43.1
Juan Musso,Atletico Madrid,2025-2026,GK,31-354,,450,0.0,0.0,43.1
Ademola Lookman,Atletico Madrid,2025-2026,"FW,MF",28-187,,355,2.0,0.0,43.1
Conor Gallagher,Atletico Madrid,2025-2026,MF,26-078,,679,2.0,0.0,43.1
Obed Vargas,Atletico Madrid,2025-2026,MF,20-263,,369,0.0,0.0,43.1
Julio Diaz,Atletico Madrid,2025-2026,DF,21-105,,220,0.0,1.0,43.1
Javier Boñar,Atletico Madrid,2025-2026,DF,20-326,,180,1.0,0.0,43.1
Giacomo Raspadori,Atletico Madrid,2025-2026,FW,26-066,,236,0.0,1.0,43.1
Javi Galán,Atletico Madrid,2025-2026,DF,31-157,,134,0.0,0.0,43.1
Daniel Martinez,Atletico Madrid,2025-2026,DF,21-355,,90,0.0,0.0,43.1
Rayane Belaid,Atletico Madrid,2025-2026,MF,21-073,,70,0.0,0.0,43.1
Javi Morcillo,Atletico Madrid,2025-2026,MF,20-041,,50,0.0,0.0,43.1
Jano Monserrate,Atletico Madrid,2025-2026,MF,20-087,,23,0.0,0.0,43.1
Taufik Seidu,Atletico Madrid,2025-2026,MF,18-095,,23,0.0,0.0,43.1
Miguel Cubo,Atletico Madrid,2025-2026,FW,18-076,,,,,43.1
Salvi Esquivel,Atletico Madrid,2025-2026,GK,20-207,,,,,43.1
Sergio Esteban,Atletico Madrid,2025-2026,FW,19-036,,,,,43.1
Ilias Kostis,Atletico Madrid,2025-2026,DF,23-057,,,,,43.1
Mario de Luis,Atletico Madrid,2025-2026,GK,23-324,,,,,43.1
Iker Luque,Atletico Madrid,2025-2026,DF,20-324,,,,,43.1
Carlos Martín,Atletico Madrid,2025-2026,"FW,MF",24-003,,,,,43.1
Alvaro Moreno,Atletico Madrid,2025-2026,GK,19-324,,,,,43.1
Aleksa Puric,Atletico Madrid,2025-2026,DF,22-292,,,,,43.1
Javier Serrano,Atletico Madrid,2025-2026,MF,23-099,,,,,43.1
Gerónimo Spina,Atletico Madrid,2025-2026,DF,21-075,,,,,43.1
Eric García,FC Barcelona,2025-2026,"DF,MF",25-106,30.0,"2,427",1.0,1.0,45.2
Pau Cubarsí,FC Barcelona,2025-2026,DF,19-093,27.0,"2,372",1.0,0.0,44.7
Joan García,FC Barcelona,2025-2026,GK,24-356,26.0,"2,340",0.0,0.0,42.8
Lamine Yamal,FC Barcelona,2025-2026,"MF,FW",18-286,28.0,"2,262",16.0,11.0,88.2
Jules Koundé,FC Barcelona,2025-2026,DF,27-164,27.0,"2,022",1.0,3.0,47.3
Ferrán Torres,FC Barcelona,2025-2026,FW,26-055,29.0,"1,749",14.0,1.0,76.6
Gerard Martín,FC Barcelona,2025-2026,DF,24-058,27.0,"1,669",0.0,0.0,41.7
Pedri,FC Barcelona,2025-2026,MF,23-151,24.0,"1,721",2.0,7.0,53.0
Dani Olmo,FC Barcelona,2025-2026,"MF,FW",27-353,27.0,"1,686",7.0,7.0,66.2
Alejandro Balde,FC Barcelona,2025-2026,DF,22-189,23.0,"1,644",0.0,2.0,44.5
Raphinha,FC Barcelona,2025-2026,"MF,FW",29-132,20.0,"1,291",11.0,3.0,68.1
Frenkie de Jong,FC Barcelona,2025-2026,MF,28-348,21.0,"1,520",1.0,5.0,48.3
Fermin López,FC Barcelona,2025-2026,MF,22-349,26.0,"1,494",5.0,8.0,61.7
Marcus Rashford,FC Barcelona,2025-2026,"MF,FW",28-176,27.0,"1,460",6.0,6.0,62.4
Robert Lewandowski,FC Barcelona,2025-2026,FW,37-247,25.0,"1,206",12.0,1.0,70.9
Ronald Araújo,FC Barcelona,2025-2026,DF,27-049,20.0,958,3.0,0.0,43.1
Marc Casado,FC Barcelona,2025-2026,MF,22-223,20.0,911,0.0,1.0,43.1
João Cancelo,FC Barcelona,2025-2026,DF,31-333,10.0,574,1.0,2.0,43.1
Wojciech Szczęsny,FC Barcelona,2025-2026,GK,36-007,6.0,540,0.0,0.0,43.1
Marc Bernal,FC Barcelona,2025-2026,MF,18-334,17.0,531,2.0,1.0,43.1
Roony Bardghji,FC Barcelona,2025-2026,"MF,FW",20-161,17.0,439,1.0,1.0,43.1
Andreas Christensen,FC Barcelona,2025-2026,DF,30-015,12.0,380,0.0,0.0,43.1
Gavi,FC Barcelona,2025-2026,MF,21-263,6.0,197,0.0,1.0,43.1
Dro Fernández,FC Barcelona,2025-2026,MF,18-103,4.0,92,0.0,0.0,43.1
Xavi Espart,FC Barcelona,2025-2026,DF,18-339,2.0,91,0.0,0.0,43.1
Toni Fernández,FC Barcelona,2025-2026,FW,17-284,1.0,45,0.0,0.0,43.1
Jofre Torrents,FC Barcelona,2025-2026,DF,19-087,3.0,50,0.0,0.0,43.1
Tomas Marques,FC Barcelona,2025-2026,MF,19-177,1.0,7,0.0,0.0,43.1
Eder Aller,FC Barcelona,2025-2026,GK,19-021,0.0,,,,43.1
Alvaro Cortes,FC Barcelona,2025-2026,DF,21-039,0.0,,,,43.1
Guillermo Fernandez,FC Barcelona,2025-2026,MF,17-311,0.0,,,,43.1
Juan Hernández,FC Barcelona,2025-2026,FW,18-278,0.0,,,,43.1
Diego Kochen,FC Barcelona,2025-2026,GK,20-037,0.0,,,,43.1
Iñaki Peña,FC Barcelona,2025-2026,GK,27-054,0.0,,,,43.1
Marc-André ter Stegen,FC Barcelona,2025-2026,GK,33-360,0.0,,,,43.1
Ionuț Radu,Celta Vigo,2025-2026,GK,28-332,,"2,880",0.0,0.0,43.1
Marcos Alonso,Celta Vigo,2025-2026,DF,35-118,,"2,333",1.0,0.0,43.5
Sergio Carreira,Celta Vigo,2025-2026,MF,25-194,,"2,221",2.0,1.0,48.3
Javi Rodríguez,Celta Vigo,2025-2026,DF,22-303,,"2,018",0.0,1.0,42.8
Ilaix Moriba,Celta Vigo,2025-2026,MF,23-096,,"2,045",1.0,2.0,46.1
Óscar Mingueza,Celta Vigo,2025-2026,"MF,DF",26-347,,"1,716",1.0,4.0,48.3
Ferran Jutglà,Celta Vigo,2025-2026,"FW,MF",27-083,,"1,356",7.0,2.0,60.5
Borja Iglesias,Celta Vigo,2025-2026,FW,33-098,,"1,575",11.0,2.0,66.7
Carl Starfelt,Celta Vigo,2025-2026,DF,30-328,,"1,491",0.0,0.0,41.4
Pablo Durán,Celta Vigo,2025-2026,"FW,MF",24-335,,"1,239",2.0,2.0,49.7
Miguel Román,Celta Vigo,2025-2026,MF,23-120,,"1,311",1.0,0.0,44.7
Hugo Sotelo,Celta Vigo,2025-2026,MF,22-127,,"1,188",0.0,2.0,44.2
Bryan Zaragoza,Celta Vigo,2025-2026,"FW,MF",24-228,,"1,131",1.0,1.0,45.2
Javi Rueda,Celta Vigo,2025-2026,MF,23-352,,"1,160",2.0,4.0,50.6
Hugo Álvarez,Celta Vigo,2025-2026,"FW,MF",22-297,,"1,073",3.0,1.0,50.6
Williot Swedberg,Celta Vigo,2025-2026,"FW,MF",22-083,,"1,012",4.0,3.0,54.9
Manu Fernández,Celta Vigo,2025-2026,DF,25-002,,713,0.0,0.0,43.1
Iago Aspas,Celta Vigo,2025-2026,"FW,MF",38-267,,878,4.0,3.0,43.1
Fer López,Celta Vigo,2025-2026,"MF,FW",21-336,,723,1.0,0.0,43.1
Joseph Aidoo,Celta Vigo,2025-2026,DF,30-208,,639,0.0,0.0,43.1
Fran Beltrán,Celta Vigo,2025-2026,MF,27-081,,528,0.0,0.0,43.1
Carlos Dominguez,Celta Vigo,2025-2026,DF,25-073,,610,0.0,0.0,43.1
Yoel Lago,Celta Vigo,2025-2026,DF,22-031,,398,0.0,0.0,43.1
Jones El-Abdellaoui,Celta Vigo,2025-2026,"MF,FW",20-103,,638,2.0,0.0,43.1
Mihailo Ristić,Celta Vigo,2025-2026,"MF,DF",30-176,,251,0.0,0.0,43.1
Álvaro Núñez,Celta Vigo,2025-2026,"DF,MF",25-292,,169,0.0,0.0,43.1
Damián Rodríguez,Celta Vigo,2025-2026,MF,23-039,,150,0.0,0.0,43.1
Matías Vecino,Celta Vigo,2025-2026,MF,34-244,,117,0.0,0.0,43.1
Andrés Antañón,Celta Vigo,2025-2026,FW,19-093,,63,0.0,0.0,43.1
Hugo García,Celta Vigo,2025-2026,MF,19-176,,8,0.0,0.0,43.1
Ángel Arcos,Celta Vigo,2025-2026,FW,20-007,,,,,43.1
Franco Cervi,Celta Vigo,2025-2026,"FW,MF",31-334,,,,,43.1
Hugo González,Celta Vigo,2025-2026,FW,23-077,,,,,43.1
Iván Villar,Celta Vigo,2025-2026,GK,28-290,,,,,43.1
Aleix Febas,Elche CF,2025-2026,MF,30-082,31.0,"2,741",2.0,2.0,47.8
Germán Valera,Elche CF,2025-2026,"MF,DF",24-040,31.0,"2,479",4.0,4.0,55.6
David Affengruber,Elche CF,2025-2026,DF,25-037,30.0,"2,442",1.0,1.0,44.0
Marc Aguado,Elche CF,2025-2026,MF,26-062,29.0,"2,009",1.0,1.0,45.9
Rafa Mir,Elche CF,2025-2026,"FW,MF",28-311,27.0,"1,803",8.0,0.0,60.1
Pedro Bigas,Elche CF,2025-2026,DF,35-222,23.0,"1,613",0.0,2.0,42.8
Víctor Chust,Elche CF,2025-2026,DF,26-051,25.0,"1,832",0.0,0.0,40.2
Álvaro Rodríguez,Elche CF,2025-2026,FW,21-285,28.0,"1,745",5.0,4.0,58.4
Álvaro Núñez,Elche CF,2025-2026,"DF,MF",25-292,19.0,"1,647",0.0,2.0,44.5
Léo Pétrot,Elche CF,2025-2026,DF,29-010,29.0,"1,514",0.0,0.0,42.6
André Silva,Elche CF,2025-2026,FW,30-170,25.0,"1,457",9.0,0.0,62.0
Matías Dituro,Elche CF,2025-2026,GK,38-352,16.0,"1,440",0.0,0.0,42.8
Iñaki Peña,Elche CF,2025-2026,GK,27-054,16.0,"1,440",0.0,0.0,43.1
Martim Neto,Elche CF,2025-2026,MF,23-101,24.0,"1,314",2.0,5.0,52.0
Grady Diangana,Elche CF,2025-2026,MF,28-006,17.0,763,1.0,0.0,43.1
Tete Morente,Elche CF,2025-2026,MF,29-142,7.0,559,1.0,1.0,43.1
Adrià Pedrosa,Elche CF,2025-2026,"DF,MF",27-347,21.0,890,1.0,1.0,43.1
Rodrigo Mendoza,Elche CF,2025-2026,"MF,FW",21-041,16.0,794,1.0,0.0,43.1
John Donald,Elche CF,2025-2026,"DF,MF",25-238,15.0,485,1.0,0.0,43.1
Héctor Fort,Elche CF,2025-2026,"DF,MF",19-266,9.0,327,1.0,2.0,43.1
Buba Sangaré,Elche CF,2025-2026,"DF,MF",18-262,7.0,320,0.0,0.0,43.1
Josan,Elche CF,2025-2026,"MF,DF",36-143,16.0,514,0.0,2.0,43.1
Lucas Cepeda,Elche CF,2025-2026,MF,23-176,8.0,381,1.0,0.0,43.1
Yago Santiago,Elche CF,2025-2026,MF,23-010,9.0,281,0.0,0.0,43.1
Gonzalo Villar,Elche CF,2025-2026,MF,28-033,6.0,237,0.0,0.0,43.1
Ali Houary,Elche CF,2025-2026,MF,20-263,2.0,123,0.0,0.0,43.1
Federico Redondo,Elche CF,2025-2026,MF,23-097,11.0,179,0.0,0.0,43.1
Bambo Diaby,Elche CF,2025-2026,DF,28-129,4.0,102,0.0,0.0,43.1
Adam Boayar,Elche CF,2025-2026,MF,20-194,7.0,104,1.0,0.0,43.1
Mourad El Ghezouani,Elche CF,2025-2026,FW,27-333,2.0,50,0.0,0.0,43.1
Jairo Izquierdo,Elche CF,2025-2026,"DF,FW",32-185,1.0,24,0.0,0.0,43.1
Álex Sánchez,Elche CF,2025-2026,FW,20-051,1.0,6,0.0,1.0,43.2
Daniel Ballesteros,Elche CF,2025-2026,FW,22-289,0.0,,,,43.1
David Delgado,Elche CF,2025-2026,DF,18-114,0.0,,,,43.1
Pablo Felipe,Elche CF,2025-2026,DF,20-310,0.0,,,,43.1
Alex Herráiz,Elche CF,2025-2026,MF,,0.0,,,,43.1
Alejandro Iturbe,Elche CF,2025-2026,GK,22-235,0.0,,,,43.1
Antonio Martínez,Elche CF,2025-2026,MF,20-016,0.0,,,,43.1
Albert Niculaesei,Elche CF,2025-2026,DF,18-030,0.0,,,,43.1
Nico Salvador,Elche CF,2025-2026,DF,20-238,0.0,,,,43.1
Bema Sina,Elche CF,2025-2026,DF,23-018,0.0,,,,43.1
Marko Dmitrović,RCD Espanyol,2025-2026,GK,34-091,,"2,880",0.0,0.0,43.1
Leandro Cabrera,RCD Espanyol,2025-2026,DF,34-312,,"2,790",3.0,0.0,49.4
Carlos Romero,RCD Espanyol,2025-2026,DF,24-178,,"2,667",5.0,2.0,55.8
Omar El Hilali,RCD Espanyol,2025-2026,DF,22-225,,"2,364",0.0,2.0,43.3
Edu Expósito,RCD Espanyol,2025-2026,MF,29-267,,"2,055",1.0,6.0,49.4
Pol Lozano,RCD Espanyol,2025-2026,MF,26-201,,"2,002",2.0,1.0,46.6
Tyrhys Dolan,RCD Espanyol,2025-2026,MF,24-118,,"2,100",1.0,4.0,46.8
Urko González,RCD Espanyol,2025-2026,MF,25-036,,"2,090",0.0,1.0,42.8
Pere Milla,RCD Espanyol,2025-2026,"MF,FW",33-214,,"1,739",6.0,0.0,54.9
Roberto Férnandez,RCD Espanyol,2025-2026,FW,23-296,,"2,019",6.0,2.0,57.5
Fernando Calero,RCD Espanyol,2025-2026,DF,30-223,,"1,761",0.0,0.0,42.1
Kiké,RCD Espanyol,2025-2026,FW,36-151,,"1,530",6.0,1.0,56.5
Clemens Riedel,RCD Espanyol,2025-2026,DF,22-280,,"1,216",0.0,1.0,42.8
Jofre,RCD Espanyol,2025-2026,MF,24-312,,797,1.0,0.0,43.1
Ramón Terrats,RCD Espanyol,2025-2026,MF,25-189,,775,1.0,1.0,43.1
Javi Puado,RCD Espanyol,2025-2026,"MF,FW",27-335,,674,2.0,0.0,43.1
Cyril Ngonge,RCD Espanyol,2025-2026,MF,25-334,,367,0.0,2.0,43.1
Charles Pickel,RCD Espanyol,2025-2026,MF,28-345,,609,1.0,0.0,43.1
Rubén,RCD Espanyol,2025-2026,DF,25-080,,532,0.0,1.0,43.1
José Salinas,RCD Espanyol,2025-2026,DF,25-207,,241,0.0,0.0,43.1
Miguel Ángel Rubio,RCD Espanyol,2025-2026,DF,28-045,,206,1.0,0.0,43.1
Antoniu,RCD Espanyol,2025-2026,MF,23-232,,115,0.0,0.0,43.1
Luca Koleosho,RCD Espanyol,2025-2026,MF,21-222,,63,0.0,0.0,43.1
Rafael Bauza,RCD Espanyol,2025-2026,MF,21-085,,,,,43.1
Lluc Castell,RCD Espanyol,2025-2026,FW,19-218,,,,,43.1
Fortuño,RCD Espanyol,2025-2026,GK,24-202,,,,,43.1
Ferran Gómez,RCD Espanyol,2025-2026,MF,20-033,,,,,43.1
Javier Hernández,RCD Espanyol,2025-2026,MF,22-085,,,,,43.1
Roger Hinojo,RCD Espanyol,2025-2026,DF,21-063,,,,,43.1
Miguel Londoño,RCD Espanyol,2025-2026,MF,19-114,,,,,43.1
Pablo Ramon,RCD Espanyol,2025-2026,DF,24-299,,,,,43.1
Llorenç Serred,RCD Espanyol,2025-2026,GK,20-233,,,,,43.1
Adama Timera,RCD Espanyol,2025-2026,DF,21-016,,,,,43.1
Pol Tristán,RCD Espanyol,2025-2026,GK,24-038,,,,,43.1
David Soria,Getafe CF,2025-2026,GK,33-021,,"2,880",0.0,0.0,42.6
Luis Milla,Getafe CF,2025-2026,MF,31-200,,"2,743",0.0,9.0,49.4
Mauro Arambarri,Getafe CF,2025-2026,MF,30-207,,"2,719",6.0,2.0,56.1
Iglesias,Getafe CF,2025-2026,"DF,MF",27-296,,"2,650",1.0,2.0,46.4
Domingos Duarte,Getafe CF,2025-2026,DF,31-046,,"2,402",1.0,1.0,44.2
Djené,Getafe CF,2025-2026,"DF,MF",34-115,,"2,305",0.0,0.0,40.0
Kiko Femenía,Getafe CF,2025-2026,"DF,MF",35-082,,"1,918",1.0,1.0,45.0
Mario Martín,Getafe CF,2025-2026,"MF,FW",22-051,,"1,728",2.0,1.0,46.6
Adrián Liso,Getafe CF,2025-2026,"FW,MF",21-023,,"1,576",3.0,0.0,48.0
Diego Rico,Getafe CF,2025-2026,DF,33-061,,"1,713",0.0,0.0,42.1
Abdel Abqar,Getafe CF,2025-2026,DF,27-046,,"1,151",0.0,2.0,42.1
Martin Satriano,Getafe CF,2025-2026,"FW,MF",25-064,,"1,153",4.0,1.0,52.5
Borja Mayoral,Getafe CF,2025-2026,FW,29-020,,"1,041",4.0,1.0,53.5
Luis Vázquez,Getafe CF,2025-2026,FW,25-001,,916,3.0,0.0,43.1
Zaid Romero,Getafe CF,2025-2026,DF,26-131,,989,0.0,0.0,43.1
Álex Sancris,Getafe CF,2025-2026,"MF,FW",29-097,,630,0.0,1.0,43.1
Javier Muñoz,Getafe CF,2025-2026,"MF,FW",31-056,,512,0.0,0.0,43.1
Davinchi,Getafe CF,2025-2026,DF,18-191,,450,0.0,0.0,43.1
Allan Nyom,Getafe CF,2025-2026,DF,37-350,,300,0.0,0.0,43.1
Sebastián Boselli,Getafe CF,2025-2026,DF,22-142,,315,0.0,0.0,43.1
Christantus Uche,Getafe CF,2025-2026,FW,22-341,,270,1.0,1.0,43.1
Coba da Costa,Getafe CF,2025-2026,MF,23-273,,348,0.0,0.0,43.1
Abu Kamara,Getafe CF,2025-2026,MF,22-278,,201,0.0,0.0,43.1
Ismael Bekhoucha,Getafe CF,2025-2026,DF,21-156,,122,0.0,1.0,43.1
Alejandro Mestanza,Getafe CF,2025-2026,MF,21-139,,71,0.0,0.0,43.1
Juanmi,Getafe CF,2025-2026,"FW,MF",32-340,,179,1.0,0.0,43.1
Veljko Birmančević,Getafe CF,2025-2026,"FW,MF",28-051,,91,0.0,0.0,43.1
Yvan Neyou,Getafe CF,2025-2026,MF,29-112,,67,0.0,0.0,43.1
Jorge Montes,Getafe CF,2025-2026,DF,22-050,,27,0.0,0.0,43.1
Joselu Pérez,Getafe CF,2025-2026,DF,22-044,,22,0.0,0.0,43.1
Alex Sola,Getafe CF,2025-2026,"DF,FW",26-320,,13,0.0,0.0,43.1
Hugo Solozabal,Getafe CF,2025-2026,MF,23-077,,11,0.0,0.0,43.1
Mykyta Alexandrov,Getafe CF,2025-2026,MF,21-181,,,,,43.1
Jorge Benito,Getafe CF,2025-2026,GK,20-114,,,,,43.1
Diego Ferrer,Getafe CF,2025-2026,GK,19-008,,,,,43.1
Peter González,Getafe CF,2025-2026,MF,23-274,,,,,43.1
Lucas Laso,Getafe CF,2025-2026,DF,23-111,,,,,43.1
Jiří Letáček,Getafe CF,2025-2026,GK,27-106,,,,,43.1
Adrian Riquelme,Getafe CF,2025-2026,MF,20-057,,,,,43.1
Alberto Risco,Getafe CF,2025-2026,MF,20-238,,,,,43.1
Yassin Tallal,Getafe CF,2025-2026,MF,20-357,,,,,43.1
Marc Vilaplana,Getafe CF,2025-2026,DF,23-095,,,,,43.1
Vitor Reis,Girona FC,2025-2026,DF,20-103,30.0,"2,598",1.0,1.0,43.8
Paulo Gazzaniga,Girona FC,2025-2026,GK,34-113,29.0,"2,562",0.0,0.0,41.2
Daley Blind,Girona FC,2025-2026,DF,36-047,29.0,"2,465",0.0,0.0,42.8
Arnau Martinez,Girona FC,2025-2026,"DF,MF",23-000,29.0,"2,192",1.0,2.0,45.9
Vladyslav Vanat,Girona FC,2025-2026,FW,24-111,27.0,"1,942",9.0,1.0,61.5
Iván Martín,Girona FC,2025-2026,MF,27-070,30.0,"2,175",0.0,1.0,41.9
Viktor Tsyhankov,Girona FC,2025-2026,MF,28-161,26.0,"2,101",6.0,4.0,60.5
Axel Witsel,Girona FC,2025-2026,MF,37-103,26.0,"2,088",1.0,2.0,45.9
Álex Moreno,Girona FC,2025-2026,DF,32-321,26.0,"2,139",0.0,3.0,45.0
Bryan Gil,Girona FC,2025-2026,MF,25-073,24.0,"1,370",0.0,3.0,45.0
Hugo Rincón,Girona FC,2025-2026,DF,23-088,29.0,"1,659",1.0,1.0,45.4
Azzedine Ounahi,Girona FC,2025-2026,MF,26-006,18.0,"1,273",5.0,2.0,54.4
Thomas Lemar,Girona FC,2025-2026,MF,30-164,22.0,"1,074",3.0,1.0,50.6
Joel Roca,Girona FC,2025-2026,MF,20-322,26.0,"1,066",2.0,1.0,47.1
Fran Beltrán,Girona FC,2025-2026,MF,27-081,12.0,753,1.0,0.0,43.1
Alejandro Francés,Girona FC,2025-2026,DF,23-267,19.0,726,0.0,1.0,43.1
Yaser Asprilla,Girona FC,2025-2026,"FW,MF",22-157,15.0,611,0.0,0.0,43.1
Portu,Girona FC,2025-2026,"FW,MF",33-339,10.0,474,0.0,0.0,43.1
Claudio Echeverri,Girona FC,2025-2026,"FW,MF",20-113,11.0,401,1.0,1.0,43.1
Jhon Solis,Girona FC,2025-2026,MF,21-204,12.0,380,0.0,0.0,43.1
David López,Girona FC,2025-2026,DF,36-198,4.0,203,0.0,0.0,43.1
Ladislav Krejčí,Girona FC,2025-2026,DF,27-005,2.0,180,0.0,0.0,43.1
Marc-André ter Stegen,Girona FC,2025-2026,GK,33-360,2.0,180,0.0,0.0,43.1
Yangel Herrera,Girona FC,2025-2026,MF,28-101,2.0,110,0.0,0.0,43.1
Cristhian Stuani,Girona FC,2025-2026,FW,39-195,15.0,250,3.0,0.0,43.1
Vladyslav Krapyvtsov,Girona FC,2025-2026,GK,20-304,2.0,136,0.0,0.0,43.1
Dawda Camara,Girona FC,2025-2026,FW,23-172,2.0,72,0.0,0.0,43.1
Bojan Miovski,Girona FC,2025-2026,FW,26-305,1.0,44,0.0,0.0,43.1
Donny van de Beek,Girona FC,2025-2026,MF,29-007,2.0,41,0.0,0.0,43.1
Abel Ruiz,Girona FC,2025-2026,FW,26-087,9.0,187,0.0,0.0,43.1
Lancinet Kourouma,Girona FC,2025-2026,FW,22-026,5.0,43,0.0,0.0,43.0
Juan Arango,Girona FC,2025-2026,MF,19-328,2.0,18,0.0,0.0,43.1
Aleksandar Andreev,Girona FC,2025-2026,GK,20-031,0.0,,,,43.1
Pol Arnau,Girona FC,2025-2026,DF,21-123,0.0,,,,43.1
Ricard Artero,Girona FC,2025-2026,MF,23-079,0.0,,,,43.1
Papa Ba,Girona FC,2025-2026,FW,21-225,0.0,,,,43.1
Rubén Blanco,Girona FC,2025-2026,GK,30-274,0.0,,,,43.1
Gibert Cámara,Girona FC,2025-2026,DF,19-058,0.0,,,,43.1
Juan Carlos,Girona FC,2025-2026,GK,38-095,0.0,,,,43.1
Dominik Livaković,Girona FC,2025-2026,GK,31-106,0.0,,,,43.1
Antonio Salguero,Girona FC,2025-2026,DF,20-318,0.0,,,,43.1
Javier Sarasa,Girona FC,2025-2026,FW,20-277,0.0,,,,43.1
Jeremy Toljan,Levante UD,2025-2026,DF,31-260,31.0,"2,692",1.0,3.0,46.6
Mathew Ryan,Levante UD,2025-2026,GK,34-017,30.0,"2,700",0.0,0.0,42.6
Manu Sánchez,Levante UD,2025-2026,DF,25-244,28.0,"2,443",1.0,2.0,45.4
Adrián de la Fuente,Levante UD,2025-2026,DF,27-058,28.0,"2,276",2.0,1.0,46.6
Iván Romero,Levante UD,2025-2026,"FW,MF",25-015,28.0,"2,043",7.0,1.0,59.4
Carlos Álvarez,Levante UD,2025-2026,MF,22-262,28.0,"1,842",3.0,1.0,50.4
Matias Moreno,Levante UD,2025-2026,DF,22-213,22.0,"1,712",0.0,0.0,41.7
Pablo Martínez,Levante UD,2025-2026,MF,28-062,21.0,"1,399",1.0,2.0,46.8
Karl Etta Eyong,Levante UD,2025-2026,FW,22-193,25.0,"1,353",5.0,2.0,56.3
Kareem Tunde,Levante UD,2025-2026,MF,20-249,16.0,975,0.0,1.0,43.1
Oriol Rey,Levante UD,2025-2026,MF,28-059,18.0,"1,184",0.0,0.0,42.1
Kervin Arriaga,Levante UD,2025-2026,MF,28-110,22.0,"1,209",1.0,2.0,45.0
Olasagasti,Levante UD,2025-2026,MF,25-252,27.0,"1,208",1.0,3.0,46.8
Unai Elgezabal,Levante UD,2025-2026,"DF,MF",33-000,12.0,958,1.0,0.0,43.1
Unai Vencedor Paris,Levante UD,2025-2026,MF,25-161,16.0,812,0.0,0.0,43.1
Brugui,Levante UD,2025-2026,"MF,FW",29-172,15.0,896,0.0,1.0,43.1
Alan Matturro,Levante UD,2025-2026,DF,21-196,17.0,842,1.0,0.0,43.1
Víctor García,Levante UD,2025-2026,"MF,FW",28-221,18.0,830,0.0,1.0,43.1
Iker Losada,Levante UD,2025-2026,MF,24-267,18.0,688,3.0,1.0,43.1
Carlos Espí,Levante UD,2025-2026,FW,20-275,19.0,828,8.0,0.0,43.1
Ugo Raghouber,Levante UD,2025-2026,MF,22-286,11.0,581,0.0,0.0,43.1
Diego Pampín,Levante UD,2025-2026,DF,26-041,6.0,368,0.0,0.0,43.1
Jorge Cabello,Levante UD,2025-2026,DF,22-000,5.0,362,0.0,0.0,43.1
Paco Cortés,Levante UD,2025-2026,"MF,FW",18-257,11.0,413,0.0,0.0,43.1
Goduine Koyalipou,Levante UD,2025-2026,FW,26-069,11.0,247,1.0,0.0,43.1
Pablo Cuñat,Levante UD,2025-2026,GK,23-362,2.0,180,0.0,0.0,43.1
José Luis Morales,Levante UD,2025-2026,MF,38-276,19.0,338,1.0,1.0,43.1
Nacho Pérez,Levante UD,2025-2026,DF,17-236,2.0,80,0.0,0.0,43.1
Tay Abed,Levante UD,2025-2026,MF,22-048,4.0,40,0.0,0.0,43.1
Sergio Lozano,Levante UD,2025-2026,MF,27-032,1.0,12,0.0,0.0,43.1
Ruiz Agustina,Levante UD,2025-2026,MF,23-073,0.0,,,,43.1
Dani Cervera,Levante UD,2025-2026,MF,23-041,0.0,,,,43.1
Martín Krug,Levante UD,2025-2026,DF,19-290,0.0,,,,43.1
Huseini Nakoha,Levante UD,2025-2026,DF,,0.0,,,,43.1
Alejandro Primo,Levante UD,2025-2026,GK,21-289,0.0,,,,43.1
Cayetano Romero,Levante UD,2025-2026,GK,21-058,0.0,,,,43.1
Martin Valjent,RCD Mallorca,2025-2026,DF,30-135,31.0,"2,790",0.0,0.0,41.9
Vedat Muriqi,RCD Mallorca,2025-2026,FW,32-001,31.0,"2,588",21.0,1.0,87.2
Leo Román,RCD Mallorca,2025-2026,GK,25-293,27.0,"2,430",0.0,0.0,42.1
Johan Mojica,RCD Mallorca,2025-2026,DF,33-247,31.0,"2,404",0.0,3.0,44.7
Samu Costa,RCD Mallorca,2025-2026,MF,25-149,29.0,"2,276",6.0,1.0,56.1
Pablo Maffeo,RCD Mallorca,2025-2026,DF,28-287,26.0,"2,218",1.0,1.0,44.2
Sergi Darder,RCD Mallorca,2025-2026,MF,32-124,32.0,"2,187",1.0,5.0,49.4
Antonio Raillo,RCD Mallorca,2025-2026,DF,34-199,23.0,"2,032",0.0,1.0,43.1
Omar Mascarell,RCD Mallorca,2025-2026,"MF,DF",33-082,25.0,"1,827",1.0,2.0,46.4
Mateo Joseph,RCD Mallorca,2025-2026,"MF,FW",22-188,29.0,"1,699",2.0,3.0,50.2
Jan Virgili,RCD Mallorca,2025-2026,"MF,FW",19-273,25.0,"1,530",1.0,4.0,48.3
Manu Morlanes,RCD Mallorca,2025-2026,MF,27-103,26.0,"1,352",2.0,0.0,45.9
Pablo Torre,RCD Mallorca,2025-2026,"MF,FW",23-022,29.0,"1,201",3.0,3.0,52.3
Antonio Sánchez,RCD Mallorca,2025-2026,"MF,DF",29-114,27.0,"1,000",0.0,0.0,41.2
Mateu Morey,RCD Mallorca,2025-2026,"DF,MF",26-054,16.0,629,1.0,0.0,43.1
Takuma Asano,RCD Mallorca,2025-2026,"MF,FW",31-166,17.0,557,1.0,0.0,43.1
David López,RCD Mallorca,2025-2026,DF,23-081,9.0,585,0.0,0.0,43.1
Toni Lato,RCD Mallorca,2025-2026,"DF,MF",28-155,9.0,465,0.0,1.0,43.1
Lucas Bergström,RCD Mallorca,2025-2026,GK,23-232,5.0,450,0.0,0.0,43.1
Marash Kumbulla,RCD Mallorca,2025-2026,DF,26-076,8.0,439,0.0,0.0,43.1
Zito Luvumbo,RCD Mallorca,2025-2026,"FW,MF",24-047,6.0,280,0.0,2.0,43.1
Marc Domenech,RCD Mallorca,2025-2026,MF,20-114,7.0,214,0.0,1.0,43.1
Javier Llabrés,RCD Mallorca,2025-2026,MF,23-226,15.0,174,0.0,0.0,43.1
Abdón Prats,RCD Mallorca,2025-2026,FW,33-139,11.0,103,0.0,0.0,43.1
Dani Rodríguez,RCD Mallorca,2025-2026,"FW,MF",37-323,2.0,68,0.0,0.0,43.1
Justin-Noël Kalumba,RCD Mallorca,2025-2026,FW,21-121,2.0,36,0.0,0.0,43.1
Jan Salas,RCD Mallorca,2025-2026,MF,20-258,2.0,17,0.0,0.0,43.1
Iván Cuéllar,RCD Mallorca,2025-2026,GK,41-333,0.0,,,,43.1
Jandro García,RCD Mallorca,2025-2026,MF,20-061,0.0,,,,43.1
Daniel Luna,RCD Mallorca,2025-2026,MF,22-353,0.0,,,,43.1
Javier Olaizola,RCD Mallorca,2025-2026,DF,19-041,0.0,,,,43.1
Cesc Riba,RCD Mallorca,2025-2026,MF,19-285,0.0,,,,43.1
Iliesse Salhi,RCD Mallorca,2025-2026,MF,18-272,0.0,,,,43.1
Leo Sãnchez,RCD Mallorca,2025-2026,DF,20-029,0.0,,,,43.1
Nil Torreguitart,RCD Mallorca,2025-2026,GK,24-216,0.0,,,,43.1
Rareș Vlad,RCD Mallorca,2025-2026,GK,20-109,0.0,,,,43.1
Sergio Herrera,CA Osasuna,2025-2026,GK,32-324,,"2,880",0.0,0.0,42.4
Catena,CA Osasuna,2025-2026,DF,31-179,,"2,531",2.0,2.0,46.4
Jon Moncayola,CA Osasuna,2025-2026,MF,27-347,,"2,525",0.0,4.0,45.0
Víctor Muñoz,CA Osasuna,2025-2026,"MF,FW",22-286,,"2,477",5.0,2.0,56.1
Ante Budimir,CA Osasuna,2025-2026,FW,34-277,,"2,448",16.0,0.0,74.9
Lucas Torró,CA Osasuna,2025-2026,MF,31-280,,"1,985",0.0,1.0,42.6
Valentin Rosier,CA Osasuna,2025-2026,"DF,MF",29-249,,"2,020",1.0,1.0,44.0
Enzo Boyomo,CA Osasuna,2025-2026,DF,24-200,,"2,002",1.0,1.0,45.2
Rubén García,CA Osasuna,2025-2026,"MF,FW",32-285,,"1,842",2.0,5.0,51.3
Aimar Oroz,CA Osasuna,2025-2026,"MF,FW",24-149,,"1,856",0.0,2.0,43.5
Jorge Herrando,CA Osasuna,2025-2026,DF,25-056,,"1,533",0.0,1.0,43.3
Abel Bretones,CA Osasuna,2025-2026,"MF,DF",25-247,,"1,431",1.0,0.0,43.3
Javi Galán,CA Osasuna,2025-2026,DF,31-157,,"1,320",0.0,1.0,43.5
Moi Gómez,CA Osasuna,2025-2026,MF,31-306,,987,0.0,1.0,43.1
Juan Cruz Armada,CA Osasuna,2025-2026,DF,33-271,,649,0.0,0.0,43.1
Iker Muñoz,CA Osasuna,2025-2026,MF,23-171,,788,0.0,0.0,43.1
Raúl,CA Osasuna,2025-2026,FW,25-173,,817,5.0,0.0,43.1
Raúl Moro,CA Osasuna,2025-2026,MF,23-141,,379,0.0,2.0,43.1
Kike Barja,CA Osasuna,2025-2026,MF,29-024,,349,1.0,2.0,43.1
Asier Osambela,CA Osasuna,2025-2026,DF,22-076,,300,1.0,0.0,43.1
Iñigo Arguibide,CA Osasuna,2025-2026,DF,21-006,,187,0.0,0.0,43.1
Iker Benito,CA Osasuna,2025-2026,MF,23-258,,150,1.0,0.0,43.1
Sheraldo Becker,CA Osasuna,2025-2026,"FW,MF",31-075,,158,0.0,0.0,43.1
Aitor Fernández,CA Osasuna,2025-2026,GK,34-357,,,0.0,0.0,42.6
Raúl Chasco,CA Osasuna,2025-2026,DF,22-224,,,,,43.1
Mauro Echegoyen,CA Osasuna,2025-2026,MF,21-053,,,,,43.1
Martín Espinal,CA Osasuna,2025-2026,FW,22-250,,,,,43.1
Mikel Serrano García,CA Osasuna,2025-2026,DF,22-313,,,,,43.1
Dimitrios Stamatakis,CA Osasuna,2025-2026,GK,23-002,,,,,43.1
Aarón Escandell,Real Oviedo,2025-2026,GK,30-210,32.0,"2,880",0.0,0.0,42.4
Ilyas Chaira,Real Oviedo,2025-2026,MF,25-082,30.0,"2,016",5.0,2.0,55.3
Alberto Reina,Real Oviedo,2025-2026,MF,28-228,31.0,"1,922",4.0,1.0,51.1
Federico Viñas,Real Oviedo,2025-2026,"FW,MF",27-299,28.0,"2,018",9.0,1.0,59.4
Nacho Vidal,Real Oviedo,2025-2026,DF,31-091,23.0,"1,849",0.0,0.0,42.1
Santiago Colombatto,Real Oviedo,2025-2026,MF,29-098,27.0,"1,769",0.0,1.0,42.6
David Carmo,Real Oviedo,2025-2026,DF,26-280,21.0,"1,722",1.0,0.0,42.6
Kwasi Sibo,Real Oviedo,2025-2026,MF,27-305,23.0,"1,532",0.0,0.0,42.4
David Costas,Real Oviedo,2025-2026,DF,31-030,20.0,"1,627",1.0,0.0,45.0
Haissem Hassan,Real Oviedo,2025-2026,"MF,FW",24-076,31.0,"1,657",0.0,3.0,45.7
Javi López,Real Oviedo,2025-2026,DF,24-031,20.0,"1,438",0.0,1.0,43.3
Rahim Bonkano,Real Oviedo,2025-2026,DF,24-114,23.0,"1,456",0.0,0.0,42.6
Leander Dendoncker,Real Oviedo,2025-2026,MF,31-010,19.0,"1,330",1.0,0.0,45.0
Dani Calvo,Real Oviedo,2025-2026,DF,32-024,16.0,"1,251",0.0,0.0,42.4
Salomón Rondón,Real Oviedo,2025-2026,FW,36-221,16.0,"1,032",2.0,0.0,47.3
Eric Bailly,Real Oviedo,2025-2026,DF,32-013,12.0,"1,043",1.0,0.0,44.7
Lucas Ahijado,Real Oviedo,2025-2026,DF,31-085,15.0,972,0.0,1.0,43.1
Luka Ilić,Real Oviedo,2025-2026,"MF,FW",26-297,18.0,714,1.0,0.0,43.1
Nicolas Fonseca,Real Oviedo,2025-2026,MF,27-188,14.0,676,0.0,0.0,43.1
Thiago Fernández,Real Oviedo,2025-2026,MF,22-022,11.0,533,0.0,4.0,43.1
Josip Brekalo,Real Oviedo,2025-2026,"MF,FW",27-306,14.0,486,0.0,0.0,43.1
Santi Cazorla,Real Oviedo,2025-2026,MF,41-133,22.0,655,0.0,1.0,43.1
Oier Luengo,Real Oviedo,2025-2026,DF,28-165,3.0,225,0.0,1.0,43.1
Álex Forés,Real Oviedo,2025-2026,FW,25-013,15.0,296,0.0,1.0,43.1
Ovie Ejaria,Real Oviedo,2025-2026,MF,28-158,8.0,200,0.0,0.0,43.1
Thiago Borbas,Real Oviedo,2025-2026,FW,24-018,7.0,89,0.0,0.0,43.1
Pablo Agudín,Real Oviedo,2025-2026,MF,18-168,6.0,78,0.0,0.0,43.1
Marco Esteban,Real Oviedo,2025-2026,DF,20-114,1.0,45,0.0,0.0,43.1
Omar Falah,Real Oviedo,2025-2026,DF,22-228,1.0,14,0.0,0.0,43.1
Borja Sánchez Laborde,Real Oviedo,2025-2026,MF,30-058,1.0,14,0.0,0.0,43.1
Álex Cardero,Real Oviedo,2025-2026,MF,22-243,0.0,,,,43.1
Cheli,Real Oviedo,2025-2026,MF,20-294,0.0,,,,43.1
Brandon Domingues,Real Oviedo,2025-2026,MF,25-323,0.0,,,,43.1
Diego Espinosa,Real Oviedo,2025-2026,DF,21-297,0.0,,,,43.1
Adri Fernández,Real Oviedo,2025-2026,DF,20-188,0.0,,,,43.1
Lamine Gueye,Real Oviedo,2025-2026,FW,21-222,0.0,,,,43.1
Diego Menéndez,Real Oviedo,2025-2026,MF,21-114,0.0,,,,43.1
Horaţiu Moldovan,Real Oviedo,2025-2026,GK,28-095,0.0,,,,43.1
Miguel Narváez,Real Oviedo,2025-2026,GK,23-361,0.0,,,,43.1
Florian Lejeune,Rayo Vallecano,2025-2026,DF,34-340,,"2,780",0.0,1.0,42.8
Augusto Batalla,Rayo Vallecano,2025-2026,GK,29-360,,"2,700",0.0,0.0,41.9
Andrei Ratiu,Rayo Vallecano,2025-2026,DF,27-309,,"2,493",0.0,3.0,44.0
Jorge de Frutos,Rayo Vallecano,2025-2026,"FW,MF",29-064,,"2,136",10.0,1.0,66.0
Isaac Palazón Camacho,Rayo Vallecano,2025-2026,"MF,FW",31-119,,"2,181",3.0,3.0,49.0
Pep Chavarría,Rayo Vallecano,2025-2026,DF,28-015,,"2,309",1.0,2.0,45.0
Álvaro García,Rayo Vallecano,2025-2026,"MF,FW",33-180,,"2,056",4.0,5.0,56.5
Óscar Valentín,Rayo Vallecano,2025-2026,MF,31-248,,"1,808",1.0,0.0,43.8
Pedro Díaz,Rayo Vallecano,2025-2026,"MF,FW",27-324,,"1,581",0.0,0.0,42.8
Nobel Mendy,Rayo Vallecano,2025-2026,DF,21-234,,"1,461",2.0,0.0,44.2
Pathé Ciss,Rayo Vallecano,2025-2026,"MF,DF",32-040,,"1,578",2.0,0.0,44.5
Unai López,Rayo Vallecano,2025-2026,MF,30-177,,"1,316",0.0,3.0,43.3
Alfonso Espino,Rayo Vallecano,2025-2026,"DF,MF",34-110,,"1,206",2.0,0.0,47.3
Gerard Gumbau,Rayo Vallecano,2025-2026,MF,31-128,,874,0.0,1.0,43.1
Francisco Perez,Rayo Vallecano,2025-2026,"MF,FW",23-228,,"1,094",2.0,1.0,47.8
Alexandre Alemão,Rayo Vallecano,2025-2026,FW,28-024,,875,1.0,0.0,43.1
Luiz Felipe,Rayo Vallecano,2025-2026,DF,29-034,,470,0.0,0.0,43.1
Ilias Akhomach,Rayo Vallecano,2025-2026,"MF,FW",22-009,,619,0.0,1.0,43.1
Carlos Martín,Rayo Vallecano,2025-2026,"MF,FW",24-003,,310,0.0,0.0,43.1
Sergio Camello,Rayo Vallecano,2025-2026,FW,25-074,,499,1.0,0.0,43.1
Iván Balliu,Rayo Vallecano,2025-2026,DF,34-114,,333,0.0,0.0,43.1
Jozhua Vertrouwd,Rayo Vallecano,2025-2026,DF,21-247,,356,0.0,0.0,43.1
Dani Cárdenas,Rayo Vallecano,2025-2026,GK,29-028,,180,0.0,0.0,43.1
Randy Nteka,Rayo Vallecano,2025-2026,FW,28-140,,204,1.0,0.0,43.1
Óscar Trejo,Rayo Vallecano,2025-2026,"FW,MF",37-364,,79,0.0,0.0,43.1
Pelayo Fernandez,Rayo Vallecano,2025-2026,DF,22-361,,45,0.0,0.0,43.1
Samu Becerra,Rayo Vallecano,2025-2026,MF,20-114,,12,0.0,0.0,43.1
Abdul Mumin,Rayo Vallecano,2025-2026,DF,27-323,,10,0.0,0.0,43.1
Juanpe,Rayo Vallecano,2025-2026,GK,24-355,,,,,43.1
Marco de las Sías,Rayo Vallecano,2025-2026,DF,20-117,,,,,43.1
Adrián Molina,Rayo Vallecano,2025-2026,GK,20-277,,,,,43.1
Pablo Fornals,Real Betis,2025-2026,MF,30-062,33.0,"2,557",7.0,4.0,62.9
Natan,Real Betis,2025-2026,DF,25-078,29.0,"2,524",0.0,0.0,41.4
Cucho,Real Betis,2025-2026,FW,27-005,28.0,"2,243",8.0,3.0,62.9
Antony,Real Betis,2025-2026,"MF,FW",26-060,27.0,"2,064",7.0,5.0,62.2
Álvaro Vallés,Real Betis,2025-2026,GK,28-274,24.0,"2,160",0.0,0.0,42.8
Marc Bartra,Real Betis,2025-2026,DF,35-100,25.0,"1,978",1.0,0.0,44.7
Abde Ezzalzouli,Real Betis,2025-2026,"MF,FW",24-129,24.0,"1,828",7.0,7.0,65.5
Marc Roca,Real Betis,2025-2026,MF,29-150,25.0,"1,806",1.0,1.0,46.1
Aitor Ruibal,Real Betis,2025-2026,"DF,MF",30-034,26.0,"1,719",4.0,2.0,53.5
Valentín Gómez,Real Betis,2025-2026,DF,22-303,24.0,"1,600",1.0,0.0,44.2
Héctor Bellerín,Real Betis,2025-2026,DF,31-037,22.0,"1,440",2.0,3.0,50.2
Ricardo Rodríguez,Real Betis,2025-2026,DF,33-243,20.0,"1,299",0.0,1.0,44.0
Giovani Lo Celso,Real Betis,2025-2026,MF,30-016,20.0,"1,179",2.0,3.0,49.7
Sergi Altimira,Real Betis,2025-2026,MF,24-243,22.0,"1,110",1.0,1.0,45.7
Sofyan Amrabat,Real Betis,2025-2026,MF,29-247,13.0,"1,035",0.0,0.0,42.1
Diego Llorente,Real Betis,2025-2026,DF,32-252,14.0,869,1.0,0.0,43.1
Pau López,Real Betis,2025-2026,GK,31-133,9.0,810,0.0,0.0,43.1
Junior Firpo,Real Betis,2025-2026,DF,29-246,10.0,672,0.0,1.0,43.1
Rodrigo Riquelme,Real Betis,2025-2026,MF,26-023,21.0,741,1.0,1.0,43.1
Nelson Deossa,Real Betis,2025-2026,MF,26-078,17.0,619,0.0,0.0,43.1
Ángel Ortíz,Real Betis,2025-2026,DF,21-274,13.0,584,0.0,0.0,43.1
Álvaro Fidalgo,Real Betis,2025-2026,MF,29-016,7.0,486,1.0,0.0,43.1
Cédric Bakambu,Real Betis,2025-2026,FW,35-014,17.0,524,3.0,1.0,43.1
Ezequiel Ávila,Real Betis,2025-2026,FW,32-078,13.0,353,1.0,0.0,43.1
Pablo Garcia,Real Betis,2025-2026,MF,19-316,15.0,388,0.0,0.0,43.1
Isco,Real Betis,2025-2026,"FW,MF",34-004,3.0,65,0.0,1.0,43.1
Iván Corralejo,Real Betis,2025-2026,MF,18-359,1.0,15,0.0,0.0,43.1
Daniel Guerrero,Real Betis,2025-2026,MF,20-273,1.0,1,0.0,0.0,43.1
Adrián,Real Betis,2025-2026,GK,39-112,0.0,,,,43.1
Darling Bladi,Real Betis,2025-2026,FW,21-318,0.0,,,,43.1
Germán García,Real Betis,2025-2026,GK,22-083,0.0,,,,43.1
Manu González,Real Betis,2025-2026,GK,19-007,0.0,,,,43.1
Iker Losada,Real Betis,2025-2026,MF,24-267,0.0,,,,43.1
Rodrigo Marina,Real Betis,2025-2026,FW,19-271,0.0,,,,43.1
Mawuli Mensah,Real Betis,2025-2026,MF,22-161,0.0,,,,43.1
Federico Valverde,Real Madrid,2025-2026,"MF,DF",27-277,,"2,560",5.0,8.0,60.8
Thibaut Courtois,Real Madrid,2025-2026,GK,33-349,,"2,520",0.0,0.0,42.8
Vinicius Júnior,Real Madrid,2025-2026,"FW,MF",25-287,,"2,476",13.0,5.0,73.0
Kylian Mbappé,Real Madrid,2025-2026,FW,27-126,,"2,397",24.0,4.0,95.0
Aurélien Tchouaméni,Real Madrid,2025-2026,MF,26-088,,"2,310",1.0,0.0,43.5
Arda Güler,Real Madrid,2025-2026,MF,21-059,,"1,997",4.0,9.0,60.8
Álvaro Carreras,Real Madrid,2025-2026,DF,23-033,,"2,152",2.0,2.0,47.6
Dean Huijsen,Real Madrid,2025-2026,DF,21-011,,"1,833",2.0,2.0,47.1
Jude Bellingham,Real Madrid,2025-2026,MF,22-300,,"1,550",4.0,3.0,55.1
Raúl Asencio,Real Madrid,2025-2026,DF,23-071,,"1,438",2.0,0.0,47.1
Eduardo Camavinga,Real Madrid,2025-2026,MF,23-166,,"1,341",1.0,0.0,45.2
Éder Militão,Real Madrid,2025-2026,DF,28-097,,"1,139",2.0,1.0,48.3
Antonio Rüdiger,Real Madrid,2025-2026,DF,33-053,,"1,220",1.0,0.0,45.4
Trent Alexander-Arnold,Real Madrid,2025-2026,DF,27-200,,906,0.0,4.0,43.1
Brahim Díaz,Real Madrid,2025-2026,"FW,MF",26-265,,958,0.0,5.0,43.1
Franco Mastantuono,Real Madrid,2025-2026,"MF,FW",18-254,,817,1.0,0.0,43.1
Dani Carvajal,Real Madrid,2025-2026,DF,34-104,,777,0.0,0.0,43.1
Fran Garcia,Real Madrid,2025-2026,"DF,MF",26-254,,672,1.0,1.0,43.1
Gonzalo García,Real Madrid,2025-2026,FW,22-032,,693,4.0,0.0,43.1
Rodrygo,Real Madrid,2025-2026,"MF,FW",25-106,,684,1.0,3.0,43.1
Andriy Lunin,Real Madrid,2025-2026,GK,27-073,,450,0.0,0.0,43.1
Thiago Pinar,Real Madrid,2025-2026,MF,18-265,,360,0.0,0.0,43.1
Dani Ceballos,Real Madrid,2025-2026,MF,29-261,,469,0.0,0.0,43.1
David Alaba,Real Madrid,2025-2026,DF,33-305,,265,0.0,0.0,43.1
Ferland Mendy,Real Madrid,2025-2026,DF,30-321,,194,0.0,0.0,43.1
Manuel Ángel,Real Madrid,2025-2026,MF,22-041,,96,0.0,0.0,43.1
Victor Valdepeñas,Real Madrid,2025-2026,DF,19-187,,77,0.0,0.0,43.1
David Jiménez,Real Madrid,2025-2026,DF,22-042,,76,0.0,0.0,43.1
César Palacios,Real Madrid,2025-2026,MF,21-165,,53,0.0,0.0,43.1
Daniel Yáñez,Real Madrid,2025-2026,MF,19-028,,33,0.0,1.0,43.1
Diego Aguado,Real Madrid,2025-2026,DF,19-077,,30,0.0,0.0,43.1
Jorge Cestero,Real Madrid,2025-2026,MF,20-032,,13,0.0,0.0,43.1
Endrick,Real Madrid,2025-2026,FW,19-278,,12,0.0,0.0,43.0
Lamini Fati,Real Madrid,2025-2026,DF,20-007,,,,,43.1
Jesus Fortea,Real Madrid,2025-2026,DF,19-030,,,,,43.1
Fran,Real Madrid,2025-2026,GK,20-305,,,,,43.1
Álvaro Leiva,Real Madrid,2025-2026,FW,23-127,,,,,43.1
Joan Lozano,Real Madrid,2025-2026,DF,18-248,,,,,43.1
Sergio Mestre,Real Madrid,2025-2026,GK,21-071,,,,,43.1
Javier Navarro,Real Madrid,2025-2026,GK,19-090,,,,,43.1
Álex Remiro,Real Sociedad,2025-2026,GK,31-032,,"2,880",0.0,0.0,42.8
Jon Aramburu,Real Sociedad,2025-2026,DF,23-276,,"2,433",1.0,0.0,43.3
Mikel Oyarzabal,Real Sociedad,2025-2026,FW,29-004,,"2,302",12.0,3.0,69.0
Sergio Gómez,Real Sociedad,2025-2026,DF,25-233,,"2,241",0.0,2.0,43.5
Jon Gorrotxategi,Real Sociedad,2025-2026,MF,24-082,,"1,995",1.0,3.0,46.6
Gonçalo Guedes,Real Sociedad,2025-2026,MF,29-147,,"1,811",8.0,4.0,65.0
Igor Zubeldia,Real Sociedad,2025-2026,DF,29-026,,"1,898",0.0,1.0,42.1
Carlos Soler,Real Sociedad,2025-2026,MF,29-113,,"1,871",4.0,3.0,53.9
Jon Martin,Real Sociedad,2025-2026,DF,20-002,,"1,800",1.0,0.0,44.2
Duje Ćaleta-Car,Real Sociedad,2025-2026,DF,29-220,,"1,790",1.0,0.0,43.3
Brais Méndez,Real Sociedad,2025-2026,"MF,FW",29-108,,"1,604",6.0,2.0,56.3
Ander Barrenetxea,Real Sociedad,2025-2026,"MF,FW",24-119,,"1,504",3.0,4.0,53.2
Takefusa Kubo,Real Sociedad,2025-2026,MF,24-325,,"1,306",2.0,4.0,51.3
Pablo Marín,Real Sociedad,2025-2026,MF,22-296,,"1,203",0.0,1.0,43.5
Beñat Turrientes,Real Sociedad,2025-2026,MF,24-084,,"1,030",0.0,3.0,44.7
Aihen Muñoz,Real Sociedad,2025-2026,DF,28-252,,768,0.0,0.0,43.1
Luka Sučić,Real Sociedad,2025-2026,"MF,FW",23-229,,727,3.0,1.0,43.1
Aritz Elustondo,Real Sociedad,2025-2026,DF,32-028,,547,0.0,0.0,43.1
Orri Steinn Óskarsson,Real Sociedad,2025-2026,FW,21-239,,480,5.0,0.0,43.1
Yangel Herrera,Real Sociedad,2025-2026,MF,28-101,,304,0.0,0.0,43.1
Arsen Zakharyan,Real Sociedad,2025-2026,MF,22-334,,402,0.0,0.0,43.1
Álvaro Odriozola,Real Sociedad,2025-2026,DF,30-132,,201,1.0,0.0,43.1
Umar Sadiq,Real Sociedad,2025-2026,FW,29-082,,153,0.0,0.0,43.1
Wesley,Real Sociedad,2025-2026,MF,21-051,,79,0.0,0.0,43.1
Mikel Goti,Real Sociedad,2025-2026,MF,23-337,,76,0.0,0.0,43.1
Jon Karrikaburu,Real Sociedad,2025-2026,FW,23-218,,135,0.0,0.0,43.1
Job Ochieng',Real Sociedad,2025-2026,FW,23-098,,26,0.0,0.0,43.1
Daniel Díaz,Real Sociedad,2025-2026,FW,19-307,,18,0.0,0.0,43.1
Gorka Carrera,Real Sociedad,2025-2026,FW,20-345,,14,0.0,0.0,43.1
Urko González,Real Sociedad,2025-2026,"DF,MF",25-036,,11,0.0,0.0,43.1
Ibai Aguirre,Real Sociedad,2025-2026,MF,19-105,,6,0.0,0.0,43.1
Luken Beitia,Real Sociedad,2025-2026,DF,21-299,,5,0.0,0.0,43.1
Lander Astiazaran,Real Sociedad,2025-2026,MF,20-018,,1,0.0,0.0,43.1
Arkaitz Mariezkurrena,Real Sociedad,2025-2026,FW,21-020,,1,0.0,0.0,43.1
Tomás Carbonell,Real Sociedad,2025-2026,MF,21-061,,,,,43.1
Kevin Folgado,Real Sociedad,2025-2026,GK,21-088,,,,,43.1
Aitor Fraga,Real Sociedad,2025-2026,GK,23-044,,,,,43.1
Kazunari Kita,Real Sociedad,2025-2026,DF,20-221,,,,,43.1
Alex Lebarbier,Real Sociedad,2025-2026,MF,21-245,,,,,43.1
Alex Marchal,Real Sociedad,2025-2026,MF,18-220,,,,,43.1
Unai Marrero,Real Sociedad,2025-2026,GK,24-198,,,,,43.1
Jon Pacheco,Real Sociedad,2025-2026,DF,25-107,,,,,43.1
Hamari Traoré,Real Sociedad,2025-2026,DF,34-088,,,,,43.1
Odysseas Vlachodimos,Sevilla FC,2025-2026,GK,31-364,28.0,"2,520",0.0,0.0,42.8
Lucien Agoume,Sevilla FC,2025-2026,MF,24-075,28.0,"2,237",1.0,2.0,44.7
Nemanja Gudelj,Sevilla FC,2025-2026,"DF,MF",34-160,28.0,"2,110",2.0,0.0,45.9
Carmona,Sevilla FC,2025-2026,"DF,MF",24-086,29.0,"2,073",1.0,3.0,45.9
Juanlu Sánchez,Sevilla FC,2025-2026,"MF,DF",22-253,27.0,"1,887",0.0,3.0,43.8
Djibril Sow,Sevilla FC,2025-2026,MF,29-078,28.0,"1,819",5.0,1.0,54.9
Akor Adams,Sevilla FC,2025-2026,FW,26-086,27.0,"1,842",8.0,3.0,61.5
Batista Mendy,Sevilla FC,2025-2026,MF,26-103,25.0,"1,588",1.0,0.0,44.0
Gabriel Suazo,Sevilla FC,2025-2026,"DF,MF",28-259,23.0,"1,583",0.0,2.0,43.5
Kike Salas,Sevilla FC,2025-2026,DF,24-002,20.0,"1,663",1.0,0.0,45.2
Ruben Vargas,Sevilla FC,2025-2026,"MF,FW",27-263,18.0,"1,225",3.0,5.0,53.7
César Azpilicueta,Sevilla FC,2025-2026,DF,36-240,15.0,"1,033",0.0,1.0,43.1
Isaac Romero,Sevilla FC,2025-2026,"FW,MF",25-342,24.0,"1,232",4.0,0.0,50.2
Marcão,Sevilla FC,2025-2026,DF,29-324,13.0,938,1.0,0.0,43.1
Peque,Sevilla FC,2025-2026,"MF,FW",23-203,23.0,914,2.0,1.0,43.1
Alexis Sánchez,Sevilla FC,2025-2026,"FW,MF",37-127,23.0,"1,097",3.0,1.0,49.9
Joaquín Martínez Gauna,Sevilla FC,2025-2026,"MF,DF",22-290,15.0,"1,051",1.0,3.0,48.0
Castrin,Sevilla FC,2025-2026,DF,23-114,14.0,912,0.0,0.0,43.1
Tanguy Nianzou,Sevilla FC,2025-2026,DF,23-322,12.0,655,0.0,0.0,43.1
Neal Maupay,Sevilla FC,2025-2026,FW,29-254,6.0,451,1.0,0.0,43.1
Chidera Ejuke,Sevilla FC,2025-2026,"MF,FW",28-113,23.0,702,1.0,1.0,43.1
Ørjan Nyland,Sevilla FC,2025-2026,GK,35-227,4.0,360,0.0,0.0,43.1
Alfon,Sevilla FC,2025-2026,MF,26-356,10.0,312,1.0,0.0,43.1
Fábio Cardoso,Sevilla FC,2025-2026,DF,32-006,4.0,295,0.0,0.0,43.1
Adnan Januzaj,Sevilla FC,2025-2026,"MF,FW",31-079,12.0,321,0.0,0.0,43.1
Manu Bueno,Sevilla FC,2025-2026,MF,21-272,8.0,272,0.0,0.0,43.1
Dodi Lukebakio,Sevilla FC,2025-2026,MF,28-213,2.0,180,1.0,0.0,43.1
Stanis Idumbo,Sevilla FC,2025-2026,MF,20-300,1.0,45,0.0,0.0,43.1
Ramón Martínez,Sevilla FC,2025-2026,DF,23-185,2.0,102,0.0,0.0,43.1
Miguel Ángel Sierra,Sevilla FC,2025-2026,FW,21-285,4.0,62,0.0,0.0,43.1
Joan Jordán,Sevilla FC,2025-2026,MF,31-293,3.0,25,0.0,0.0,43.0
Federico Gattoni,Sevilla FC,2025-2026,DF,27-068,1.0,10,0.0,0.0,43.1
Adrià Pedrosa,Sevilla FC,2025-2026,"DF,MF",27-347,1.0,6,0.0,0.0,43.1
Edu Altozano,Sevilla FC,2025-2026,MF,19-190,0.0,,,,43.1
Álex Costa,Sevilla FC,2025-2026,FW,23-103,0.0,,,,43.1
Álvaro Fernández,Sevilla FC,2025-2026,GK,28-012,0.0,,,,43.1
Alberto López,Sevilla FC,2025-2026,GK,22-166,0.0,,,,43.1
Lorenzo Luchino,Sevilla FC,2025-2026,GK,20-036,0.0,,,,43.1
Iker Ortín,Sevilla FC,2025-2026,DF,22-110,0.0,,,,43.1
Rafa,Sevilla FC,2025-2026,GK,22-261,0.0,,,,43.1
José Luis Gayà,Valencia CF,2025-2026,DF,30-335,,"2,134",1.0,1.0,44.0
Luis Rioja,Valencia CF,2025-2026,MF,32-191,,"2,133",2.0,5.0,52.3
César Tárrega,Valencia CF,2025-2026,DF,24-058,,"2,058",0.0,0.0,41.9
José Luis García Vayá,Valencia CF,2025-2026,MF,27-257,,"1,809",2.0,0.0,46.1
Copete,Valencia CF,2025-2026,DF,26-197,,"1,759",0.0,0.0,41.9
Javier Guerra,Valencia CF,2025-2026,MF,22-347,,"1,586",1.0,4.0,48.5
Hugo Duro,Valencia CF,2025-2026,FW,26-166,,"1,647",9.0,0.0,62.4
Julen Agirrezabala,Valencia CF,2025-2026,GK,25-120,,"1,620",0.0,0.0,42.8
Arnaut Danjuma,Valencia CF,2025-2026,"MF,FW",29-084,,"1,610",3.0,2.0,52.0
Thierry Correia,Valencia CF,2025-2026,"DF,MF",27-047,,"1,363",0.0,1.0,42.8
Diego López,Valencia CF,2025-2026,"MF,FW",23-347,,"1,421",3.0,0.0,49.7
Lucas Beltrán,Valencia CF,2025-2026,FW,25-027,,"1,301",1.0,2.0,47.1
Stole Dimitrievski,Valencia CF,2025-2026,GK,32-121,,"1,260",0.0,0.0,42.8
Filip Ugrinic,Valencia CF,2025-2026,MF,27-110,,"1,207",0.0,3.0,45.2
Dimitri Foulquier,Valencia CF,2025-2026,DF,33-033,,"1,150",0.0,0.0,42.8
Eray Cömert,Valencia CF,2025-2026,DF,28-080,,"1,088",2.0,0.0,47.3
Domingos André Ribeiro Almeida,Valencia CF,2025-2026,MF,25-330,,"1,001",0.0,1.0,44.0
Largie Ramazani,Valencia CF,2025-2026,"MF,FW",25-057,,972,5.0,1.0,43.1
Guido Rodríguez,Valencia CF,2025-2026,MF,32-013,,769,2.0,0.0,43.1
Unai Núñez,Valencia CF,2025-2026,DF,29-085,,652,0.0,0.0,43.1
Baptiste Santamaria,Valencia CF,2025-2026,MF,31-047,,754,1.0,1.0,43.1
Mouctar Diakhaby,Valencia CF,2025-2026,DF,29-127,,543,1.0,0.0,43.1
Umar Sadiq,Valencia CF,2025-2026,FW,29-082,,671,2.0,2.0,43.1
Jesus Vazquez,Valencia CF,2025-2026,"DF,MF",23-113,,758,0.0,0.0,43.1
Dani Raba,Valencia CF,2025-2026,FW,30-178,,261,0.0,1.0,43.1
Renzo Saravia,Valencia CF,2025-2026,DF,32-313,,80,0.0,0.0,43.1
Ruben Lendinez,Valencia CF,2025-2026,DF,23-042,,4,0.0,0.0,43.1
Cristian,Valencia CF,2025-2026,GK,28-035,,,0.0,0.0,42.1
Vicent Abril,Valencia CF,2025-2026,GK,21-069,,,,,43.1
Aimar Blazquez,Valencia CF,2025-2026,FW,20-037,,,,,43.1
Joel Fontanet,Valencia CF,2025-2026,,20-057,,,,,43.1
Pere García,Valencia CF,2025-2026,GK,24-034,,,,,43.1
Pablo López,Valencia CF,2025-2026,FW,20-029,,,,,43.1
Aaron Mayol,Valencia CF,2025-2026,MF,,,,,,43.1
Javi Navarro,Valencia CF,2025-2026,MF,22-060,,,,,43.1
Marcos Navarro,Valencia CF,2025-2026,DF,21-330,,,,,43.1
Lucas Núñez,Valencia CF,2025-2026,MF,20-038,,,,,43.1
David Otorbi,Valencia CF,2025-2026,FW,18-191,,,,,43.1
Alejandro Panach,Valencia CF,2025-2026,DF,20-097,,,,,43.1
Luiz Lúcio Reis Júnior,Villarreal CF,2025-2026,GK,25-101,28.0,"2,520",0.0,0.0,42.4
Alberto Moleiro,Villarreal CF,2025-2026,MF,22-207,31.0,"2,001",9.0,4.0,67.1
Santiago Mouriño,Villarreal CF,2025-2026,DF,24-071,25.0,"2,107",1.0,2.0,44.0
Santi Comesaña,Villarreal CF,2025-2026,MF,29-202,29.0,"2,069",3.0,5.0,52.7
Renato Veiga,Villarreal CF,2025-2026,DF,22-270,28.0,"2,121",0.0,0.0,41.4
Nicolas Pépé,Villarreal CF,2025-2026,"MF,FW",30-331,31.0,"2,049",6.0,4.0,59.4
Pape Gueye,Villarreal CF,2025-2026,MF,27-091,26.0,"1,850",4.0,2.0,51.8
Pau Navarro,Villarreal CF,2025-2026,DF,21-000,20.0,"1,661",0.0,0.0,42.1
Georges Mikautadze,Villarreal CF,2025-2026,FW,25-176,27.0,"1,774",9.0,5.0,68.8
Tajon Buchanan,Villarreal CF,2025-2026,MF,27-076,30.0,"1,666",6.0,1.0,56.3
Sergi Cardona,Villarreal CF,2025-2026,DF,26-291,26.0,"1,735",1.0,3.0,47.3
Rafa Marín,Villarreal CF,2025-2026,DF,23-341,19.0,"1,619",1.0,0.0,45.2
Alfonso Pedraza,Villarreal CF,2025-2026,DF,30-016,23.0,"1,384",1.0,2.0,45.7
Daniel Parejo,Villarreal CF,2025-2026,MF,37-009,26.0,"1,137",0.0,0.0,42.6
Gerard Moreno,Villarreal CF,2025-2026,FW,34-018,17.0,"1,032",8.0,0.0,60.1
Juan Foyth,Villarreal CF,2025-2026,DF,28-103,13.0,934,0.0,0.0,43.1
Ayoze Pérez,Villarreal CF,2025-2026,FW,32-270,19.0,847,2.0,3.0,43.1
Tani Oluwaseyi,Villarreal CF,2025-2026,FW,25-345,25.0,777,2.0,2.0,43.1
Thomas Partey,Villarreal CF,2025-2026,MF,32-316,20.0,768,0.0,0.0,43.1
Arnau Tenas,Villarreal CF,2025-2026,GK,24-330,4.0,360,0.0,0.0,43.1
Karl Etta Eyong,Villarreal CF,2025-2026,FW,22-193,3.0,256,1.0,2.0,43.1
Alfon,Villarreal CF,2025-2026,MF,26-356,7.0,213,1.0,0.0,43.1
Ilias Akhomach,Villarreal CF,2025-2026,MF,22-009,9.0,188,0.0,0.0,43.1
Yeremi Pino,Villarreal CF,2025-2026,MF,23-187,2.0,159,0.0,1.0,43.1
Manor Solomon,Villarreal CF,2025-2026,MF,26-275,6.0,150,1.0,1.0,43.1
Hugo López,Villarreal CF,2025-2026,MF,19-114,2.0,56,0.0,0.0,43.1
Carlos Macià,Villarreal CF,2025-2026,MF,17-236,4.0,81,0.0,0.0,43.1
Alex Freeman,Villarreal CF,2025-2026,DF,21-259,6.0,76,0.0,0.0,43.1
Adrià Altimira,Villarreal CF,2025-2026,"DF,MF",25-028,1.0,9,0.0,0.0,43.1
Mahamoud Barry,Villarreal CF,2025-2026,FW,19-318,0.0,,,,43.1
Pau Cabanes,Villarreal CF,2025-2026,FW,21-067,0.0,,,,43.1
Diego Conde,Villarreal CF,2025-2026,GK,27-179,0.0,,,,43.1
Alassane Diatta,Villarreal CF,2025-2026,MF,20-346,0.0,,,,43.1
José Ángel Gaitán Diaz,Villarreal CF,2025-2026,FW,19-059,0.0,,,,43.1
Rubén Gómez,Villarreal CF,2025-2026,GK,24-091,0.0,,,,43.1
Willy Kambwala,Villarreal CF,2025-2026,DF,21-243,0.0,,,,43.1
Ismael Sierra,Villarreal CF,2025-2026,DF,23-039,0.0,,,,43.1
Denis Suárez,Villarreal CF,2025-2026,MF,32-109,0.0,,,,43.1
Jean Valou,Villarreal CF,2025-2026,DF,19-124,0.0,,,,43.1
Carlos Vicente,Deportivo Alaves,2024-2025,MF,25,37.0,"3,092",5.0,5.0,55.5
Nahuel Tenaglia,Deportivo Alaves,2024-2025,DF,28,34.0,"2,922",2.0,1.0,45.7
Antonio Sivera,Deportivo Alaves,2024-2025,GK,27,32.0,"2,810",0.0,0.0,41.2
Antonio Blanco,Deportivo Alaves,2024-2025,MF,24,35.0,"2,727",0.0,1.0,41.0
Manu Sánchez,Deportivo Alaves,2024-2025,DF,23,33.0,"2,634",1.0,0.0,43.1
Kiké,Deportivo Alaves,2024-2025,FW,34,35.0,"2,542",13.0,0.0,64.5
Abdel Abqar,Deportivo Alaves,2024-2025,DF,25,29.0,"2,463",0.0,1.0,41.4
Jon Guridi,Deportivo Alaves,2024-2025,MF,29,33.0,"2,080",3.0,1.0,47.8
Ander Guevara,Deportivo Alaves,2024-2025,MF,27,33.0,"1,947",0.0,1.0,43.3
Moussa Diarra,Deportivo Alaves,2024-2025,DF,23,26.0,"1,866",0.0,0.0,42.0
Santiago Mouriño,Deportivo Alaves,2024-2025,DF,22,25.0,"1,849",0.0,1.0,42.5
Carlos Martín,Deportivo Alaves,2024-2025,"MF,FW",22,26.0,"1,333",2.0,2.0,48.0
Joan Jordán,Deportivo Alaves,2024-2025,MF,30,25.0,"1,414",5.0,2.0,51.4
Carles Aleñá,Deportivo Alaves,2024-2025,MF,26,14.0,"1,090",0.0,2.0,44.5
Toni Martínez,Deportivo Alaves,2024-2025,FW,27,28.0,"1,012",4.0,0.0,50.8
Tomás Conechny,Deportivo Alaves,2024-2025,"MF,FW",26,22.0,847,1.0,0.0,43.1
Facundo Garcés,Deportivo Alaves,2024-2025,DF,24,10.0,678,0.0,0.0,43.1
Aleksandar Sedlar,Deportivo Alaves,2024-2025,DF,32,9.0,594,0.0,0.0,43.1
Stoichkov,Deportivo Alaves,2024-2025,"MF,FW",30,16.0,699,0.0,1.0,43.1
Carlos Benavídez,Deportivo Alaves,2024-2025,MF,26,18.0,487,1.0,1.0,43.1
Pica,Deportivo Alaves,2024-2025,DF,22,9.0,499,0.0,0.0,43.1
Jesús Owono,Deportivo Alaves,2024-2025,GK,23,6.0,487,0.0,0.0,43.1
Abde Rebbach,Deportivo Alaves,2024-2025,"MF,FW",25,8.0,385,0.0,0.0,43.1
Asier Villalibre,Deportivo Alaves,2024-2025,FW,26,16.0,333,1.0,1.0,43.1
Hugo Novoa,Deportivo Alaves,2024-2025,"MF,DF",21,5.0,237,0.0,0.0,43.1
Luka Romero,Deportivo Alaves,2024-2025,"MF,FW",19,6.0,199,0.0,0.0,43.1
Pau Cabanes,Deportivo Alaves,2024-2025,MF,19,6.0,188,0.0,0.0,43.1
Adrian Rodriguez,Deportivo Alaves,2024-2025,GK,23,2.0,122,0.0,0.0,43.1
Luis Rioja,Deportivo Alaves,2024-2025,"FW,MF",30,1.0,23,0.0,0.0,43.1
Daouda Doumbia,Deportivo Alaves,2024-2025,MF,22,0.0,,,,43.1
Alejandro Jay Agustín,Deportivo Alaves,2024-2025,MF,22,0.0,,,,43.1
Julen Lartitegi,Deportivo Alaves,2024-2025,FW,20,0.0,,,,43.1
Egoitz Muñoz,Deportivo Alaves,2024-2025,DF,19,0.0,,,,43.1
Eneko Ortiz,Deportivo Alaves,2024-2025,MF,21,0.0,,,,43.1
Joaquín Panichelli,Deportivo Alaves,2024-2025,FW,21,0.0,,,,43.1
Lander Pinillos,Deportivo Alaves,2024-2025,MF,20,0.0,,,,43.1
Grégoire Swiderski,Deportivo Alaves,2024-2025,GK,18,0.0,,,,43.1
Iñaki Williams,Athletic Club,2024-2025,"MF,FW",30,,"2,652",6.0,8.0,60.9
Daniel Vivian,Athletic Club,2024-2025,DF,25,,"2,608",4.0,0.0,50.4
Álex Berenguer,Athletic Club,2024-2025,"MF,FW",29,,"2,339",6.0,7.0,59.4
Mikel Jauregizar,Athletic Club,2024-2025,MF,20,,"2,244",2.0,1.0,46.3
Yuri Berchiche,Athletic Club,2024-2025,DF,34,,"2,044",0.0,2.0,43.7
Nico Williams,Athletic Club,2024-2025,MF,22,,"1,996",5.0,5.0,56.6
Unai Simón,Athletic Club,2024-2025,GK,27,,"1,890",0.0,0.0,43.1
Gorka Guruzeta,Athletic Club,2024-2025,FW,27,,"1,840",7.0,2.0,58.0
Aitor Paredes,Athletic Club,2024-2025,DF,24,,"1,812",3.0,0.0,47.4
Beñat Prados,Athletic Club,2024-2025,MF,23,,"1,715",1.0,0.0,43.7
Yeray Álvarez,Athletic Club,2024-2025,DF,29,,"1,781",1.0,0.0,44.3
Oihan Sancet,Athletic Club,2024-2025,MF,24,,"1,620",15.0,1.0,70.5
Iñigo Ruiz de Galarreta,Athletic Club,2024-2025,MF,30,,"1,477",0.0,4.0,45.3
Óscar de Marcos,Athletic Club,2024-2025,DF,35,,"1,564",0.0,4.0,46.3
Andoni Gorosabel,Athletic Club,2024-2025,DF,27,,"1,485",0.0,2.0,43.7
Unai Gómez,Athletic Club,2024-2025,"MF,FW",21,,"1,284",1.0,3.0,47.2
Julen Agirrezabala,Athletic Club,2024-2025,GK,23,,"1,206",0.0,0.0,42.2
Adama Boiro,Athletic Club,2024-2025,DF,22,,"1,101",0.0,0.0,42.5
Mikel Vesga,Athletic Club,2024-2025,MF,31,,988,0.0,0.0,43.1
Iñigo Lekue,Athletic Club,2024-2025,DF,31,,773,0.0,0.0,43.1
Maroan Sannadi,Athletic Club,2024-2025,FW,23,,754,1.0,1.0,43.1
Álvaro djaló,Athletic Club,2024-2025,"MF,FW",24,,659,1.0,0.0,43.1
Unai Núñez,Athletic Club,2024-2025,DF,27,,645,0.0,0.0,43.1
Alex Padilla,Athletic Club,2024-2025,GK,20,,321,0.0,0.0,43.1
Ander Herrera,Athletic Club,2024-2025,MF,34,,273,0.0,0.0,43.1
Peio Canales,Athletic Club,2024-2025,MF,19,,259,0.0,0.0,43.1
Nicolás Serrano,Athletic Club,2024-2025,MF,21,,112,0.0,0.0,43.1
Aingeru Olabarrieta,Athletic Club,2024-2025,MF,18,,54,0.0,0.0,43.1
Javi Martón,Athletic Club,2024-2025,FW,25,,53,0.0,0.0,43.1
Adu Ares,Athletic Club,2024-2025,MF,22,,19,0.0,0.0,43.1
Endika Buján,Athletic Club,2024-2025,FW,21,,7,0.0,0.0,43.1
Unai Eguíluz,Athletic Club,2024-2025,DF,22,,,,,43.1
Oier Gastesi,Athletic Club,2024-2025,GK,20,,,,,43.1
Ander Izagirre,Athletic Club,2024-2025,DF,21,,,,,43.1
Alejandro Rego,Athletic Club,2024-2025,MF,21,,,,,43.1
Iker Varela,Athletic Club,2024-2025,MF,21,,,,,43.1
Jan Oblak,Atletico Madrid,2024-2025,GK,31,,"3,240",0.0,0.0,43.1
Julián Álvarez,Atletico Madrid,2024-2025,FW,24,,"2,509",17.0,4.0,75.4
Antoine Griezmann,Atletico Madrid,2024-2025,"FW,MF",33,,"2,469",8.0,7.0,63.1
Marcos Llorente,Atletico Madrid,2024-2025,"DF,MF",29,,"2,513",2.0,4.0,49.4
Pablo Barrios,Atletico Madrid,2024-2025,MF,21,,"2,330",1.0,4.0,46.7
Giuliano Simeone,Atletico Madrid,2024-2025,MF,21,,"1,926",2.0,6.0,51.0
Robin Le Normand,Atletico Madrid,2024-2025,DF,27,,"2,151",1.0,0.0,43.5
Rodrigo De Paul,Atletico Madrid,2024-2025,MF,30,,"2,106",3.0,5.0,51.5
Clément Lenglet,Atletico Madrid,2024-2025,DF,29,,"1,972",2.0,1.0,46.1
Javi Galán,Atletico Madrid,2024-2025,DF,29,,"1,784",0.0,3.0,43.9
Samuel Lino,Atletico Madrid,2024-2025,MF,24,,"1,552",3.0,4.0,51.5
José María Giménez,Atletico Madrid,2024-2025,DF,29,,"1,999",0.0,1.0,42.9
Koke,Atletico Madrid,2024-2025,MF,32,,"1,926",1.0,1.0,45.1
Conor Gallagher,Atletico Madrid,2024-2025,MF,24,,"1,633",3.0,3.0,51.0
Nahuel Molina,Atletico Madrid,2024-2025,DF,26,,"1,590",0.0,3.0,45.3
Alexander Sørloth,Atletico Madrid,2024-2025,FW,28,,"1,566",20.0,2.0,82.3
Reinildo Mandava,Atletico Madrid,2024-2025,"DF,MF",30,,941,0.0,0.0,43.1
César Azpilicueta,Atletico Madrid,2024-2025,DF,34,,875,1.0,0.0,43.1
Axel Witsel,Atletico Madrid,2024-2025,DF,35,,852,0.0,1.0,43.1
Rodrigo Riquelme,Atletico Madrid,2024-2025,"MF,DF",24,,516,0.0,1.0,43.1
Ángel Correa,Atletico Madrid,2024-2025,FW,29,,805,4.0,1.0,43.1
Juan Musso,Atletico Madrid,2024-2025,GK,30,,180,0.0,0.0,43.1
Thomas Lemar,Atletico Madrid,2024-2025,MF,28,,85,0.0,0.0,43.1
Adrian Niño,Atletico Madrid,2024-2025,FW,20,,12,0.0,0.0,43.1
Rayane Belaid,Atletico Madrid,2024-2025,DF,19,,,,,43.1
Aitor Gismera,Atletico Madrid,2024-2025,MF,20,,,,,43.1
Antonio Gomis,Atletico Madrid,2024-2025,GK,21,,,,,43.1
Alejandro Iturbe,Atletico Madrid,2024-2025,GK,20,,,,,43.1
Omar Janneh,Atletico Madrid,2024-2025,FW,17,,,,,43.1
Ilias Kostis,Atletico Madrid,2024-2025,DF,21,,,,,43.1
Horaţiu Moldovan,Atletico Madrid,2024-2025,GK,26,,,,,43.1
Javier Serrano,Atletico Madrid,2024-2025,MF,21,,,,,43.1
Gerónimo Spina,Atletico Madrid,2024-2025,DF,19,,,,,43.1
Arthur Vermeeren,Atletico Madrid,2024-2025,MF,19,,,,,43.1
Diego Llorente,Real Betis,2024-2025,DF,30,,"2,519",2.0,0.0,46.3
Johnny Cardoso,Real Betis,2024-2025,MF,22,,"2,144",3.0,1.0,49.0
Natan,Real Betis,2024-2025,DF,23,,"2,175",1.0,1.0,44.1
Marc Bartra,Real Betis,2024-2025,DF,33,,"2,099",2.0,1.0,47.4
Abde Ezzalzouli,Real Betis,2024-2025,MF,22,,"1,984",2.0,2.0,48.2
Romain Perraud,Real Betis,2024-2025,DF,26,,"2,002",2.0,2.0,46.3
Sergi Altimira,Real Betis,2024-2025,MF,22,,"1,972",0.0,1.0,43.1
Pablo Fornals,Real Betis,2024-2025,MF,28,,"1,827",2.0,0.0,46.7
Youssouf Sabaly,Real Betis,2024-2025,DF,31,,"1,581",0.0,1.0,43.7
Adrián,Real Betis,2024-2025,GK,37,,"1,710",0.0,0.0,42.5
Isco,Real Betis,2024-2025,MF,32,,"1,547",9.0,8.0,62.1
Giovani Lo Celso,Real Betis,2024-2025,MF,28,,"1,457",8.0,3.0,58.8
Antony,Real Betis,2024-2025,MF,24,,"1,362",5.0,2.0,53.3
Rui Silva,Real Betis,2024-2025,GK,30,,"1,350",0.0,0.0,42.9
Ricardo Rodríguez,Real Betis,2024-2025,DF,31,,"1,274",0.0,1.0,43.9
Jesus Rodríguez,Real Betis,2024-2025,MF,18,,"1,111",2.0,0.0,47.0
Vitor Roque,Real Betis,2024-2025,FW,19,,"1,235",4.0,0.0,50.2
Cucho,Real Betis,2024-2025,FW,25,,"1,139",5.0,1.0,53.7
Aitor Ruibal,Real Betis,2024-2025,"DF,FW",28,,"1,313",1.0,3.0,46.5
Marc Roca,Real Betis,2024-2025,MF,27,,906,2.0,2.0,43.1
Cédric Bakambu,Real Betis,2024-2025,FW,33,,710,2.0,2.0,43.1
Ezequiel Ávila,Real Betis,2024-2025,"MF,FW",30,,677,2.0,0.0,43.1
Héctor Bellerín,Real Betis,2024-2025,DF,29,,580,0.0,2.0,43.1
William Carvalho,Real Betis,2024-2025,MF,32,,484,0.0,0.0,43.1
Fran Vieites,Real Betis,2024-2025,GK,25,,360,0.0,0.0,43.1
Ángel Ortíz,Real Betis,2024-2025,DF,20,,353,0.0,1.0,43.1
Iker Losada,Real Betis,2024-2025,MF,22,,336,0.0,0.0,43.1
Assane Diao,Real Betis,2024-2025,FW,18,,277,1.0,2.0,43.1
Juanmi,Real Betis,2024-2025,MF,31,,244,0.0,0.0,43.1
Nabil Fekir,Real Betis,2024-2025,MF,31,,180,0.0,1.0,43.1
Carlos Guirao,Real Betis,2024-2025,MF,21,,110,0.0,0.0,43.1
Mateo Flores,Real Betis,2024-2025,MF,20,,153,0.0,0.0,43.1
Rodri,Real Betis,2024-2025,MF,24,,118,0.0,0.0,43.1
Nobel Mendy,Real Betis,2024-2025,DF,19,,108,0.0,0.0,43.1
Sergio Arribas,Real Betis,2024-2025,DF,21,,90,0.0,0.0,43.1
Pablo Garcia,Real Betis,2024-2025,FW,18,,38,0.0,0.0,43.1
Alcázar,Real Betis,2024-2025,DF,22,,,,,43.1
Pablo Busto,Real Betis,2024-2025,DF,18,,,,,43.1
Guilherme Fernandes,Real Betis,2024-2025,GK,23,,,,,43.1
Marcos Fernández,Real Betis,2024-2025,FW,21,,,,,43.1
Germán García,Real Betis,2024-2025,GK,20,,,,,43.1
Manu González,Real Betis,2024-2025,GK,17,,,,,43.1
Rudy Kohon,Real Betis,2024-2025,DF,20,,,,,43.1
Xavi Pleguezuelo,Real Betis,2024-2025,DF,21,,,,,43.1
Pedri,FC Barcelona,2024-2025,MF,21,37.0,"2,879",4.0,5.0,54.3
Raphinha,FC Barcelona,2024-2025,"MF,FW",27,36.0,"2,839",18.0,9.0,83.1
Robert Lewandowski,FC Barcelona,2024-2025,FW,35,34.0,"2,667",27.0,2.0,95.0
Lamine Yamal,FC Barcelona,2024-2025,"MF,FW",17,35.0,"2,856",9.0,13.0,70.3
Pau Cubarsí,FC Barcelona,2024-2025,DF,17,35.0,"2,618",0.0,3.0,44.9
Jules Koundé,FC Barcelona,2024-2025,DF,25,32.0,"2,605",2.0,3.0,48.6
Iñigo Martínez,FC Barcelona,2024-2025,DF,33,28.0,"2,490",0.0,4.0,45.3
Alejandro Balde,FC Barcelona,2024-2025,DF,20,32.0,"2,284",0.0,4.0,45.9
Marc Casado,FC Barcelona,2024-2025,MF,20,23.0,"1,611",1.0,3.0,45.9
Iñaki Peña,FC Barcelona,2024-2025,GK,25,16.0,"1,396",0.0,0.0,42.9
Wojciech Szczęsny,FC Barcelona,2024-2025,GK,34,15.0,"1,350",0.0,0.0,43.1
Eric García,FC Barcelona,2024-2025,"DF,MF",23,29.0,"1,566",2.0,3.0,48.6
Gavi,FC Barcelona,2024-2025,MF,19,26.0,"1,085",1.0,1.0,45.1
Dani Olmo,FC Barcelona,2024-2025,MF,26,25.0,"1,212",10.0,3.0,63.3
Fermin López,FC Barcelona,2024-2025,MF,21,28.0,"1,252",6.0,5.0,57.2
Ferrán Torres,FC Barcelona,2024-2025,"FW,MF",24,27.0,"1,106",10.0,6.0,66.4
Gerard Martín,FC Barcelona,2024-2025,DF,22,28.0,"1,038",1.0,3.0,47.0
Ronald Araújo,FC Barcelona,2024-2025,DF,25,12.0,754,1.0,1.0,43.1
Frenkie de Jong,FC Barcelona,2024-2025,MF,27,26.0,"1,143",2.0,2.0,48.0
Marc-André ter Stegen,FC Barcelona,2024-2025,GK,32,8.0,674,0.0,0.0,43.1
Héctor Fort,FC Barcelona,2024-2025,DF,17,17.0,585,0.0,0.0,43.1
Pablo Torre,FC Barcelona,2024-2025,MF,21,10.0,310,3.0,1.0,43.2
Marc Bernal,FC Barcelona,2024-2025,MF,17,3.0,242,0.0,0.0,43.1
Ansu Fati,FC Barcelona,2024-2025,MF,21,6.0,233,0.0,0.0,43.1
Pau Victor,FC Barcelona,2024-2025,FW,22,21.0,319,2.0,1.0,43.1
Andreas Christensen,FC Barcelona,2024-2025,DF,28,5.0,254,0.0,0.0,43.1
Sergi Dominguez,FC Barcelona,2024-2025,DF,19,3.0,172,0.0,0.0,43.1
Daniel Rodriguez,FC Barcelona,2024-2025,MF,18,1.0,37,0.0,0.0,43.1
Ander Astralaga,FC Barcelona,2024-2025,GK,20,0.0,,,,43.1
Álvaro Cortés,FC Barcelona,2024-2025,DF,19,0.0,,,,43.1
Andres Cuenca,FC Barcelona,2024-2025,DF,17,0.0,,,,43.1
Noah Darvich,FC Barcelona,2024-2025,MF,17,0.0,,,,43.1
Landry Farré,FC Barcelona,2024-2025,DF,17,0.0,,,,43.1
Guillermo Fernandez,FC Barcelona,2024-2025,MF,16,0.0,,,,43.1
Toni Fernández,FC Barcelona,2024-2025,MF,16,0.0,,,,43.1
Diego Kochen,FC Barcelona,2024-2025,GK,18,0.0,,,,43.1
Alexis Olmedo,FC Barcelona,2024-2025,DF,18,0.0,,,,43.1
Álex Valle,FC Barcelona,2024-2025,DF,20,0.0,,,,43.1
Áron Yaakobishvili,FC Barcelona,2024-2025,GK,18,0.0,,,,43.1
Vicente Guaita,Celta Vigo,2024-2025,GK,37,,"3,060",0.0,0.0,43.1
Óscar Mingueza,Celta Vigo,2024-2025,"MF,DF",25,,"2,729",4.0,6.0,53.7
Marcos Alonso,Celta Vigo,2024-2025,DF,33,,"2,647",3.0,0.0,43.1
Fran Beltrán,Celta Vigo,2024-2025,MF,25,,"2,421",2.0,1.0,47.2
Javi Rodríguez,Celta Vigo,2024-2025,DF,21,,"2,514",3.0,2.0,49.2
Carl Starfelt,Celta Vigo,2024-2025,DF,29,,"2,270",1.0,0.0,44.1
Borja Iglesias,Celta Vigo,2024-2025,FW,31,,"1,952",11.0,3.0,66.6
Ilaix Moriba,Celta Vigo,2024-2025,MF,21,,"2,132",1.0,1.0,43.3
Iago Aspas,Celta Vigo,2024-2025,"FW,MF",36,,"1,745",10.0,5.0,60.7
Sergio Carreira,Celta Vigo,2024-2025,MF,23,,"1,656",0.0,4.0,46.1
Hugo Álvarez,Celta Vigo,2024-2025,MF,21,,"1,572",4.0,3.0,52.1
Pablo Durán,Celta Vigo,2024-2025,"FW,MF",23,,"1,394",4.0,4.0,53.5
Williot Swedberg,Celta Vigo,2024-2025,"FW,MF",20,,"1,348",4.0,5.0,54.7
Hugo Sotelo,Celta Vigo,2024-2025,MF,20,,"1,254",0.0,0.0,42.2
Alfon,Celta Vigo,2024-2025,"FW,MF",25,,"1,371",5.0,2.0,53.5
Carlos Dominguez,Celta Vigo,2024-2025,DF,23,,"1,181",0.0,0.0,42.9
Damián Rodríguez,Celta Vigo,2024-2025,MF,21,,927,0.0,0.0,43.1
Jonathan Bamba,Celta Vigo,2024-2025,"MF,FW",28,,811,0.0,1.0,43.1
Fer López,Celta Vigo,2024-2025,"FW,MF",20,,671,2.0,0.0,43.1
Yoel Lago,Celta Vigo,2024-2025,DF,20,,583,0.0,1.0,43.1
Javier Manquillo,Celta Vigo,2024-2025,DF,30,,515,0.0,0.0,43.1
Anastasios Douvikas,Celta Vigo,2024-2025,FW,24,,700,3.0,1.0,43.1
Jailson Siqueira,Celta Vigo,2024-2025,DF,28,,614,0.0,0.0,43.1
Mihailo Ristić,Celta Vigo,2024-2025,"MF,DF",28,,429,0.0,1.0,43.1
Iván Villar,Celta Vigo,2024-2025,GK,27,,360,0.0,0.0,43.1
Iker Losada,Celta Vigo,2024-2025,"MF,FW",22,,358,1.0,0.0,43.1
Franco Cervi,Celta Vigo,2024-2025,"MF,FW",30,,273,0.0,0.0,43.1
Luca de la Torre,Celta Vigo,2024-2025,MF,26,,4,0.0,0.0,43.1
Joseph Aidoo,Celta Vigo,2024-2025,DF,28,,2,0.0,0.0,43.1
Tadeo Allende,Celta Vigo,2024-2025,MF,25,,2,0.0,0.0,43.0
Jones El-Abdellaoui,Celta Vigo,2024-2025,FW,18,,,,,43.1
Martín Conde,Celta Vigo,2024-2025,DF,21,,,,,43.1
César Fernández,Celta Vigo,2024-2025,GK,20,,,,,43.1
Miguel Román,Celta Vigo,2024-2025,MF,21,,,,,43.1
Marc Vidal,Celta Vigo,2024-2025,GK,24,,,,,43.1
Joan García,RCD Espanyol,2024-2025,GK,23,,"3,420",0.0,0.0,42.7
Omar El Hilali,RCD Espanyol,2024-2025,DF,20,,"3,153",0.0,2.0,42.5
Javi Puado,RCD Espanyol,2024-2025,"MF,FW",26,,"2,974",12.0,4.0,64.3
Marash Kumbulla,RCD Espanyol,2024-2025,DF,24,,"2,972",3.0,0.0,47.2
Leandro Cabrera,RCD Espanyol,2024-2025,DF,33,,"2,869",4.0,2.0,51.0
Alex Král,RCD Espanyol,2024-2025,MF,26,,"2,714",0.0,1.0,43.7
Carlos Romero,RCD Espanyol,2024-2025,"DF,MF",22,,"2,554",2.0,1.0,46.5
Pol Lozano,RCD Espanyol,2024-2025,MF,24,,"1,943",0.0,1.0,41.6
Jofre,RCD Espanyol,2024-2025,MF,23,,"2,165",3.0,3.0,50.4
Roberto Férnandez,RCD Espanyol,2024-2025,FW,22,,"1,497",6.0,0.0,54.7
Urko González,RCD Espanyol,2024-2025,MF,23,,"1,374",0.0,2.0,44.3
Álvaro Tejero,RCD Espanyol,2024-2025,"MF,DF",28,,"1,238",1.0,4.0,47.8
Antoniu,RCD Espanyol,2024-2025,MF,21,,"1,022",0.0,1.0,43.3
Edu Expósito,RCD Espanyol,2024-2025,MF,27,,"1,045",0.0,2.0,44.1
Brian Oliván,RCD Espanyol,2024-2025,DF,30,,"1,017",0.0,1.0,43.5
Alejo Véliz,RCD Espanyol,2024-2025,FW,20,,"1,127",1.0,0.0,44.5
José Gragera,RCD Espanyol,2024-2025,MF,23,,569,0.0,0.0,43.1
Fernando Calero,RCD Espanyol,2024-2025,DF,28,,715,1.0,0.0,43.1
Sergi Gómez,RCD Espanyol,2024-2025,DF,32,,664,0.0,0.0,43.1
Walid Cheddira,RCD Espanyol,2024-2025,FW,26,,640,1.0,1.0,43.1
Irvin Cardona,RCD Espanyol,2024-2025,"FW,MF",26,,606,1.0,1.0,43.1
Álvaro Aguado,RCD Espanyol,2024-2025,MF,28,,443,0.0,1.0,43.1
Justin Smith,RCD Espanyol,2024-2025,MF,21,,209,0.0,0.0,43.1
Rafael Bauza,RCD Espanyol,2024-2025,MF,19,,183,0.0,0.0,43.1
Pere Milla,RCD Espanyol,2024-2025,MF,31,,456,3.0,0.0,43.1
Naci Ünüvar,RCD Espanyol,2024-2025,"FW,MF",21,,31,0.0,0.0,43.1
Roger Hinojo,RCD Espanyol,2024-2025,DF,19,,9,0.0,0.0,43.1
Alex Almansa,RCD Espanyol,2024-2025,FW,20,,,,,43.1
Català,RCD Espanyol,2024-2025,DF,19,,,,,43.1
Fortuño,RCD Espanyol,2024-2025,GK,22,,,,,43.1
José López,RCD Espanyol,2024-2025,DF,18,,,,,43.1
Fernando Pacheco,RCD Espanyol,2024-2025,GK,32,,,,,43.1
Pablo Ramon,RCD Espanyol,2024-2025,DF,23,,,,,43.1
Omar Sadik,RCD Espanyol,2024-2025,FW,20,,,,,43.1
Salvi,RCD Espanyol,2024-2025,MF,33,,,,,43.1
Llorenç Serred,RCD Espanyol,2024-2025,GK,18,,,,,43.1
Pol Tristán,RCD Espanyol,2024-2025,GK,22,,,,,43.1
David Soria,Getafe CF,2024-2025,GK,31,,"3,420",0.0,0.0,42.7
Omar Alderete,Getafe CF,2024-2025,DF,27,,"2,971",1.0,0.0,43.5
Iglesias,Getafe CF,2024-2025,"DF,MF",26,,"2,888",0.0,1.0,43.1
Luis Milla,Getafe CF,2024-2025,MF,29,,"2,875",1.0,4.0,46.3
Diego Rico,Getafe CF,2024-2025,DF,31,,"2,819",0.0,3.0,42.9
Mauro Arambarri,Getafe CF,2024-2025,MF,28,,"2,661",10.0,0.0,58.4
Djené,Getafe CF,2024-2025,"DF,MF",32,,"2,548",0.0,0.0,40.4
Christantus Uche,Getafe CF,2024-2025,"FW,MF",21,,"2,486",4.0,6.0,52.5
Domingos Duarte,Getafe CF,2024-2025,DF,29,,"1,859",1.0,0.0,42.7
Carles Pérez,Getafe CF,2024-2025,MF,26,,"1,431",3.0,0.0,48.6
Ramón Terrats,Getafe CF,2024-2025,"MF,FW",23,,"1,219",4.0,1.0,51.5
Bertuğ Yıldırım,Getafe CF,2024-2025,FW,22,,"1,083",1.0,0.0,43.7
Alex Sola,Getafe CF,2024-2025,MF,25,,"1,029",0.0,1.0,43.1
Coba da Costa,Getafe CF,2024-2025,MF,22,,"1,006",1.0,1.0,45.1
Juan Berrocal,Getafe CF,2024-2025,DF,25,,"1,063",0.0,0.0,40.8
Allan Nyom,Getafe CF,2024-2025,"MF,DF",36,,887,1.0,2.0,43.1
Juan Bernat,Getafe CF,2024-2025,MF,31,,699,0.0,1.0,43.1
Juanmi,Getafe CF,2024-2025,FW,31,,696,0.0,0.0,43.1
Borja Mayoral,Getafe CF,2024-2025,FW,27,,"1,114",5.0,1.0,52.9
Álvaro Rodríguez,Getafe CF,2024-2025,FW,20,,852,2.0,0.0,43.1
Carles Aleñá,Getafe CF,2024-2025,MF,26,,452,0.0,0.0,43.1
Yellu Santiago,Getafe CF,2024-2025,MF,20,,372,0.0,0.0,43.1
Nabil Aberdin,Getafe CF,2024-2025,MF,21,,263,0.0,0.0,43.1
Peter González,Getafe CF,2024-2025,MF,22,,477,0.0,0.0,43.1
Abdoulaye Keita,Getafe CF,2024-2025,MF,21,,95,0.0,0.0,43.1
Ismael Bekhoucha,Getafe CF,2024-2025,DF,19,,69,0.0,0.0,43.1
Alberto Risco,Getafe CF,2024-2025,MF,18,,69,0.0,0.0,43.1
John Joe,Getafe CF,2024-2025,MF,20,,48,0.0,0.0,43.1
Gorka Rivera Alonso,Getafe CF,2024-2025,DF,19,,20,0.0,0.0,43.1
David Argüelles,Getafe CF,2024-2025,DF,22,,7,0.0,0.0,43.1
Jorge Benito,Getafe CF,2024-2025,GK,18,,,,,43.1
Guillem Cortiñas,Getafe CF,2024-2025,DF,21,,,,,43.1
Martin Cuellar,Getafe CF,2024-2025,,17,,,,,43.1
Diego Ferrer,Getafe CF,2024-2025,GK,17,,,,,43.1
Jiří Letáček,Getafe CF,2024-2025,GK,25,,,,,43.1
Luca Lohr,Getafe CF,2024-2025,DF,21,,,,,43.1
Djordjije Medenica,Getafe CF,2024-2025,GK,17,,,,,43.1
Paulo Gazzaniga,Girona FC,2024-2025,GK,32,,"3,195",0.0,0.0,42.3
Daley Blind,Girona FC,2024-2025,DF,34,,"2,780",0.0,2.0,44.3
Arnau Martinez,Girona FC,2024-2025,"DF,MF",21,,"2,624",2.0,2.0,48.0
Miguel Gutiérrez,Girona FC,2024-2025,"DF,MF",23,,"2,458",1.0,5.0,48.2
Ladislav Krejčí,Girona FC,2024-2025,DF,25,,"2,440",2.0,0.0,45.3
David López,Girona FC,2024-2025,DF,34,,"2,429",1.0,1.0,45.1
Yangel Herrera,Girona FC,2024-2025,MF,26,,"2,257",4.0,3.0,50.6
Iván Martín,Girona FC,2024-2025,MF,25,,"2,039",1.0,1.0,45.7
Viktor Tsyhankov,Girona FC,2024-2025,"MF,FW",26,,"1,913",2.0,5.0,50.8
Bryan Gil,Girona FC,2024-2025,"MF,FW",23,,"1,721",3.0,3.0,50.6
Oriol Romeu,Girona FC,2024-2025,MF,32,,"1,356",0.0,0.0,42.2
Abel Ruiz,Girona FC,2024-2025,FW,24,,"1,346",4.0,0.0,49.6
Donny van de Beek,Girona FC,2024-2025,MF,27,,"1,421",2.0,2.0,47.6
Yaser Asprilla,Girona FC,2024-2025,"MF,FW",20,,"1,405",3.0,1.0,49.4
Arnaut Danjuma,Girona FC,2024-2025,"MF,FW",27,,"1,335",2.0,0.0,46.7
Alejandro Francés,Girona FC,2024-2025,DF,21,,"1,173",0.0,0.0,42.7
Bojan Miovski,Girona FC,2024-2025,FW,25,,869,2.0,1.0,43.1
Arthur Melo,Girona FC,2024-2025,MF,27,,941,0.0,0.0,43.1
Juanpe,Girona FC,2024-2025,DF,33,,727,0.0,0.0,43.1
Cristhian Stuani,Girona FC,2024-2025,FW,37,,"1,078",11.0,2.0,63.1
Portu,Girona FC,2024-2025,"FW,MF",32,,779,1.0,2.0,43.1
Jhon Solis,Girona FC,2024-2025,MF,19,,535,1.0,0.0,43.1
Vladyslav Krapyvtsov,Girona FC,2024-2025,GK,19,,180,0.0,0.0,43.1
Silvi Clúa,Girona FC,2024-2025,MF,19,,163,0.0,0.0,43.1
Gabriel Osei Misehouy,Girona FC,2024-2025,FW,19,,257,1.0,0.0,43.1
Iker Almena,Girona FC,2024-2025,MF,20,,48,0.0,1.0,43.1
Papa Ba,Girona FC,2024-2025,FW,19,,48,0.0,0.0,43.1
Pau López,Girona FC,2024-2025,GK,29,,45,0.0,0.0,43.1
Kim Minsu,Girona FC,2024-2025,FW,18,,22,0.0,0.0,43.1
Ferrán Ruiz,Girona FC,2024-2025,DF,21,,18,0.0,0.0,43.1
Juan Carlos,Girona FC,2024-2025,GK,36,,,0.0,0.0,42.3
Aleksandar Andreev,Girona FC,2024-2025,GK,18,,,,,43.1
Ricard Artero,Girona FC,2024-2025,MF,21,,,,,43.1
Dawda Camara,Girona FC,2024-2025,FW,21,,,,,43.1
Enric García,Girona FC,2024-2025,MF,18,,,,,43.1
Jastin García,Girona FC,2024-2025,FW,20,,,,,43.1
Lucas García,Girona FC,2024-2025,GK,20,,,,,43.1
Raúl Martínez,Girona FC,2024-2025,MF,22,,,,,43.1
Joel Roca,Girona FC,2024-2025,FW,19,,,,,43.1
Toni Villa,Girona FC,2024-2025,MF,29,,,,,43.1
Antal Yaakobishvili,Girona FC,2024-2025,DF,20,,,,,43.1
Alberto Moleiro,UD Las Palmas,2024-2025,MF,20.0,35.0,"2,714",6.0,1.0,54.7
Álex Suárez,UD Las Palmas,2024-2025,DF,31.0,30.0,"2,460",0.0,0.0,40.8
Javier Muñoz,UD Las Palmas,2024-2025,"MF,DF",29.0,35.0,"2,588",1.0,3.0,46.5
Scott McKenna,UD Las Palmas,2024-2025,DF,27.0,29.0,"2,466",0.0,0.0,41.4
Mika Mármol,UD Las Palmas,2024-2025,DF,23.0,30.0,"2,399",0.0,1.0,42.9
Jasper Cillessen,UD Las Palmas,2024-2025,GK,35.0,27.0,"2,335",0.0,0.0,42.9
Sandro Ramírez,UD Las Palmas,2024-2025,"MF,FW",29.0,31.0,"2,034",9.0,3.0,61.1
Dario Essugo,UD Las Palmas,2024-2025,MF,19.0,27.0,"1,938",1.0,0.0,41.4
Viti,UD Las Palmas,2024-2025,DF,26.0,29.0,"1,982",0.0,2.0,43.7
Fábio Silva,UD Las Palmas,2024-2025,FW,22.0,24.0,"1,866",10.0,3.0,62.1
Kirian Rodríguez,UD Las Palmas,2024-2025,MF,28.0,21.0,"1,758",0.0,3.0,45.1
Oliver McBurnie,UD Las Palmas,2024-2025,FW,28.0,34.0,"1,837",3.0,6.0,53.1
Álex Muñoz,UD Las Palmas,2024-2025,DF,30.0,21.0,"1,415",3.0,0.0,48.4
Juanma Herzog,UD Las Palmas,2024-2025,DF,20.0,19.0,"1,315",0.0,0.0,42.9
José Campaña,UD Las Palmas,2024-2025,MF,31.0,25.0,"1,189",0.0,3.0,44.5
Stefan Bajcetic,UD Las Palmas,2024-2025,"MF,DF",19.0,14.0,969,1.0,0.0,43.1
Dinko Horkaš,UD Las Palmas,2024-2025,GK,25.0,13.0,"1,085",0.0,0.0,42.9
Marvin,UD Las Palmas,2024-2025,"DF,MF",24.0,23.0,"1,038",0.0,0.0,42.3
Manuel Fuster,UD Las Palmas,2024-2025,"MF,FW",26.0,28.0,"1,003",2.0,1.0,47.4
Enzo Loiodice,UD Las Palmas,2024-2025,MF,23.0,17.0,684,0.0,0.0,43.1
Adnan Januzaj,UD Las Palmas,2024-2025,"MF,FW",29.0,18.0,598,2.0,1.0,43.1
Jaime Mata,UD Las Palmas,2024-2025,"MF,FW",35.0,30.0,656,0.0,0.0,43.1
Benito Ramírez,UD Las Palmas,2024-2025,"MF,DF",29.0,19.0,478,0.0,0.0,43.1
Andy Pelmard,UD Las Palmas,2024-2025,DF,24.0,4.0,205,0.0,0.0,43.1
Sergio Viera,UD Las Palmas,2024-2025,MF,19.0,2.0,96,0.0,0.0,43.1
Daley Sinkgraven,UD Las Palmas,2024-2025,DF,29.0,2.0,91,0.0,0.0,43.1
Marc Cardona,UD Las Palmas,2024-2025,FW,29.0,11.0,132,0.0,0.0,43.1
Fabio González,UD Las Palmas,2024-2025,MF,27.0,2.0,53,0.0,0.0,43.1
Diego Martín,UD Las Palmas,2024-2025,FW,20.0,2.0,40,0.0,0.0,43.1
Arturo Rodríguez,UD Las Palmas,2024-2025,FW,17.0,1.0,21,0.0,0.0,43.1
Pejiño,UD Las Palmas,2024-2025,MF,28.0,1.0,16,0.0,0.0,43.1
José Carlos González,UD Las Palmas,2024-2025,MF,18.0,1.0,11,0.0,0.0,43.1
Valentín Pezzolesi,UD Las Palmas,2024-2025,DF,17.0,1.0,6,0.0,0.0,43.1
Aboubacar Bassinga,UD Las Palmas,2024-2025,MF,19.0,1.0,4,0.0,0.0,43.1
Iván Gil,UD Las Palmas,2024-2025,MF,24.0,0.0,,,,43.1
Álvaro Killane,UD Las Palmas,2024-2025,GK,19.0,0.0,,,,43.1
Israel Mora,UD Las Palmas,2024-2025,,,0.0,,,,43.1
Víctor Puig,UD Las Palmas,2024-2025,GK,24.0,0.0,,,,43.1
Elías Romero,UD Las Palmas,2024-2025,FW,20.0,0.0,,,,43.1
Sergio Ruiz,UD Las Palmas,2024-2025,FW,18.0,0.0,,,,43.1
Sergi,CD Leganes,2024-2025,DF,32,36.0,"2,957",2.0,0.0,45.9
Marko Dmitrović,CD Leganes,2024-2025,GK,32,32.0,"2,880",0.0,0.0,43.1
Seydouba Cissé,CD Leganes,2024-2025,MF,23,34.0,"2,435",3.0,1.0,48.4
Valentin Rosier,CD Leganes,2024-2025,DF,27,32.0,"2,595",1.0,2.0,45.1
Renato Tapia,CD Leganes,2024-2025,"MF,DF",29,34.0,"2,424",1.0,0.0,43.5
Javi Hernández,CD Leganes,2024-2025,DF,26,31.0,"2,389",2.0,1.0,46.7
Yvan Neyou,CD Leganes,2024-2025,MF,27,30.0,"2,312",1.0,1.0,43.1
Juan Cruz,CD Leganes,2024-2025,"MF,DF",24,34.0,"2,257",5.0,4.0,55.7
Matija Nastasić,CD Leganes,2024-2025,DF,31,26.0,"2,110",1.0,0.0,44.5
Dani Raba,CD Leganes,2024-2025,"MF,FW",28,29.0,"1,879",8.0,6.0,59.2
Jorge Sáenz,CD Leganes,2024-2025,DF,27,23.0,"1,690",1.0,0.0,43.5
Adrià Altimira,CD Leganes,2024-2025,"DF,MF",23,22.0,"1,630",0.0,0.0,42.0
Miguel,CD Leganes,2024-2025,FW,24,34.0,"1,724",1.0,3.0,46.1
Darko Brašanac,CD Leganes,2024-2025,MF,32,30.0,"1,617",1.0,2.0,45.9
Diego,CD Leganes,2024-2025,"FW,MF",24,28.0,"1,195",3.0,0.0,48.6
Óscar Rodríguez Arnaiz,CD Leganes,2024-2025,MF,26,29.0,"1,330",1.0,4.0,46.3
Munir El Haddadi,CD Leganes,2024-2025,"MF,FW",28,25.0,862,4.0,0.0,43.1
Enric Franquesa,CD Leganes,2024-2025,"MF,DF",27,12.0,616,1.0,0.0,43.1
Yan Diomandé,CD Leganes,2024-2025,MF,17,10.0,545,2.0,1.0,43.1
Juan Soriano,CD Leganes,2024-2025,GK,26,6.0,540,0.0,0.0,43.1
Sébastien Haller,CD Leganes,2024-2025,FW,30,8.0,404,0.0,0.0,43.1
Roberto López,CD Leganes,2024-2025,MF,24,13.0,396,0.0,1.0,43.1
Julián Chicco,CD Leganes,2024-2025,"MF,DF",26,14.0,302,0.0,1.0,43.1
Aritz Arambarri,CD Leganes,2024-2025,DF,26,2.0,177,0.0,0.0,43.1
Duk,CD Leganes,2024-2025,MF,24,10.0,179,0.0,0.0,43.1
Borna Barišić,CD Leganes,2024-2025,DF,31,1.0,9,0.0,0.0,43.1
Álvaro Abajas,CD Leganes,2024-2025,GK,21,0.0,,,,43.1
Lalo Aguilar,CD Leganes,2024-2025,DF,22,0.0,,,,43.1
Iker Bachiller,CD Leganes,2024-2025,DF,21,0.0,,,,43.1
Naim García,CD Leganes,2024-2025,MF,22,0.0,,,,43.1
Álex Gil,CD Leganes,2024-2025,MF,21,0.0,,,,43.1
Carlos Guirao,CD Leganes,2024-2025,MF,21,0.0,,,,43.1
Jackson Porozo,CD Leganes,2024-2025,DF,23,0.0,,,,43.1
Guillermo Ruiz,CD Leganes,2024-2025,GK,20,0.0,,,,43.1
Hugo Solozabal,CD Leganes,2024-2025,MF,21,0.0,,,,43.1
João Urbáez,CD Leganes,2024-2025,DF,22,0.0,,,,43.1
Antonio Raillo,RCD Mallorca,2024-2025,DF,32,36.0,"3,207",2.0,0.0,44.9
Sergi Darder,RCD Mallorca,2024-2025,MF,30,38.0,"2,744",2.0,6.0,51.0
Dominik Greif,RCD Mallorca,2024-2025,GK,27,31.0,"2,790",0.0,0.0,42.9
Martin Valjent,RCD Mallorca,2024-2025,DF,28,31.0,"2,763",3.0,0.0,48.2
Samu Costa,RCD Mallorca,2024-2025,MF,23,32.0,"2,649",0.0,2.0,42.0
Johan Mojica,RCD Mallorca,2024-2025,DF,31,36.0,"2,755",1.0,2.0,45.7
Pablo Maffeo,RCD Mallorca,2024-2025,DF,27,30.0,"2,368",0.0,2.0,43.3
Dani Rodríguez,RCD Mallorca,2024-2025,"MF,FW",36,37.0,"2,162",4.0,7.0,55.5
Vedat Muriqi,RCD Mallorca,2024-2025,FW,30,29.0,"2,058",7.0,2.0,55.1
Omar Mascarell,RCD Mallorca,2024-2025,MF,31,32.0,"1,992",1.0,0.0,43.3
Cyle Larin,RCD Mallorca,2024-2025,FW,29,32.0,"1,764",7.0,2.0,56.8
Copete,RCD Mallorca,2024-2025,DF,24,25.0,"1,528",0.0,0.0,42.0
Manu Morlanes,RCD Mallorca,2024-2025,MF,25,23.0,"1,338",0.0,0.0,41.8
Roberto Navarro,RCD Mallorca,2024-2025,MF,22,23.0,"1,278",1.0,0.0,44.5
Takuma Asano,RCD Mallorca,2024-2025,"MF,FW",29,21.0,"1,054",2.0,1.0,47.8
Antonio Sánchez,RCD Mallorca,2024-2025,"MF,DF",27,33.0,"1,395",0.0,0.0,42.5
Mateu Morey,RCD Mallorca,2024-2025,DF,24,16.0,741,0.0,0.0,43.1
Leo Román,RCD Mallorca,2024-2025,GK,24,7.0,630,0.0,0.0,43.1
Toni Lato,RCD Mallorca,2024-2025,DF,26,14.0,621,0.0,0.0,43.1
Abdón Prats,RCD Mallorca,2024-2025,"FW,MF",31,24.0,456,2.0,0.0,43.1
Marc Domenech,RCD Mallorca,2024-2025,"FW,MF",18,10.0,303,0.0,0.0,43.1
David López,RCD Mallorca,2024-2025,DF,21,2.0,169,0.0,0.0,43.1
Valery Fernández,RCD Mallorca,2024-2025,MF,24,18.0,309,2.0,0.0,43.1
Chiquinho,RCD Mallorca,2024-2025,MF,24,8.0,146,0.0,0.0,43.1
Siebe Van Der Heyden,RCD Mallorca,2024-2025,DF,26,2.0,97,0.0,0.0,43.1
Javier Llabrés,RCD Mallorca,2024-2025,MF,21,1.0,57,0.0,0.0,43.1
Jan Salas,RCD Mallorca,2024-2025,MF,18,4.0,43,0.0,0.0,43.1
Daniel Luna,RCD Mallorca,2024-2025,MF,21,2.0,20,0.0,0.0,43.1
Iván Cuéllar,RCD Mallorca,2024-2025,GK,40,0.0,,,,43.1
Pere Joan,RCD Mallorca,2024-2025,GK,22,0.0,,,,43.1
Sebastian Wade,RCD Mallorca,2024-2025,DF,21,0.0,,,,43.1
Sergio Herrera,CA Osasuna,2024-2025,GK,31,37.0,"3,330",0.0,0.0,42.2
Jesús Areso,CA Osasuna,2024-2025,DF,25,36.0,"3,079",0.0,3.0,43.7
Catena,CA Osasuna,2024-2025,DF,29,35.0,"3,074",1.0,3.0,45.3
Aimar Oroz,CA Osasuna,2024-2025,MF,22,37.0,"2,966",5.0,4.0,53.7
Lucas Torró,CA Osasuna,2024-2025,MF,30,35.0,"2,957",3.0,0.0,47.0
Ante Budimir,CA Osasuna,2024-2025,FW,33,38.0,"2,952",21.0,4.0,80.3
Enzo Boyomo,CA Osasuna,2024-2025,DF,22,34.0,"2,987",2.0,0.0,46.1
Rubén García,CA Osasuna,2024-2025,"FW,MF",31,36.0,"2,413",5.0,5.0,56.4
Jon Moncayola,CA Osasuna,2024-2025,MF,26,32.0,"2,099",0.0,0.0,41.6
Bryan Zaragoza,CA Osasuna,2024-2025,"MF,FW",22,27.0,"1,836",1.0,6.0,49.0
Abel Bretones,CA Osasuna,2024-2025,"DF,MF",23,35.0,"2,074",2.0,0.0,46.5
Juan Cruz Armada,CA Osasuna,2024-2025,DF,32,25.0,"1,492",0.0,0.0,42.3
Jorge Herrando,CA Osasuna,2024-2025,DF,23,18.0,"1,366",1.0,0.0,44.5
Pablo Ibáñez,CA Osasuna,2024-2025,MF,25,28.0,"1,294",1.0,1.0,45.1
Rubén Peña,CA Osasuna,2024-2025,"FW,DF",33,25.0,775,0.0,0.0,43.1
Moi Gómez,CA Osasuna,2024-2025,"MF,FW",30,26.0,796,0.0,0.0,43.1
Raúl,CA Osasuna,2024-2025,FW,23,32.0,750,4.0,0.0,43.1
Iker Muñoz,CA Osasuna,2024-2025,MF,21,23.0,610,0.0,1.0,43.1
Kike Barja,CA Osasuna,2024-2025,"FW,MF",27,15.0,315,0.0,1.0,43.1
José Arnaiz,CA Osasuna,2024-2025,MF,29,15.0,133,0.0,0.0,43.1
Nacho Vidal,CA Osasuna,2024-2025,DF,29,5.0,124,0.0,0.0,43.1
Aitor Fernández,CA Osasuna,2024-2025,GK,33,1.0,90,0.0,0.0,43.1
Unai García,CA Osasuna,2024-2025,DF,32,3.0,65,0.0,0.0,43.1
Iker Benito,CA Osasuna,2024-2025,"FW,MF",21,2.0,37,0.0,0.0,43.1
Javi Martínez,CA Osasuna,2024-2025,MF,24,1.0,6,0.0,0.0,43.1
Iñigo Arguibide,CA Osasuna,2024-2025,FW,19,0.0,,,,43.1
Rafa Fernández,CA Osasuna,2024-2025,GK,20,0.0,,,,43.1
Jon Fuentes,CA Osasuna,2024-2025,MF,21,0.0,,,,43.1
Carlos Lumbreras,CA Osasuna,2024-2025,FW,19,0.0,,,,43.1
Sixtus Ogbuehi,CA Osasuna,2024-2025,FW,21,0.0,,,,43.1
Asier Osambela,CA Osasuna,2024-2025,MF,20,0.0,,,,43.1
Ismael Sierra,CA Osasuna,2024-2025,DF,21,0.0,,,,43.1
Dimitrios Stamatakis,CA Osasuna,2024-2025,GK,21,0.0,,,,43.1
Pablo Valencia,CA Osasuna,2024-2025,GK,23,0.0,,,,43.1
Florian Lejeune,Rayo Vallecano,2024-2025,DF,33,37.0,"3,325",2.0,3.0,47.8
Andrei Ratiu,Rayo Vallecano,2024-2025,"DF,MF",26,35.0,"3,065",2.0,3.0,48.4
Augusto Batalla,Rayo Vallecano,2024-2025,GK,28,32.0,"2,880",0.0,0.0,42.0
Jorge de Frutos,Rayo Vallecano,2024-2025,"MF,FW",27,36.0,"2,495",6.0,3.0,55.9
Pep Chavarría,Rayo Vallecano,2024-2025,DF,26,34.0,"2,585",0.0,1.0,43.3
Álvaro García,Rayo Vallecano,2024-2025,"MF,FW",31,36.0,"2,559",4.0,5.0,54.1
Isaac Palazón Camacho,Rayo Vallecano,2024-2025,"MF,FW",29,35.0,"2,162",4.0,4.0,53.1
Pathé Ciss,Rayo Vallecano,2024-2025,"MF,DF",30,33.0,"2,140",4.0,1.0,49.4
Abdul Mumin,Rayo Vallecano,2024-2025,DF,26,24.0,"2,017",2.0,1.0,45.9
Unai López,Rayo Vallecano,2024-2025,MF,28,32.0,"1,707",3.0,1.0,47.2
Óscar Valentín,Rayo Vallecano,2024-2025,MF,29,34.0,"1,835",0.0,0.0,42.2
Adri Embarba,Rayo Vallecano,2024-2025,"MF,FW",32,35.0,"1,607",1.0,1.0,45.1
Randy Nteka,Rayo Vallecano,2024-2025,FW,26,24.0,"1,129",3.0,0.0,47.8
Sergio Camello,Rayo Vallecano,2024-2025,FW,23,23.0,"1,134",3.0,2.0,50.2
Pedro Díaz,Rayo Vallecano,2024-2025,MF,26,26.0,"1,211",3.0,0.0,48.6
Iván Balliu,Rayo Vallecano,2024-2025,DF,32,25.0,"1,200",0.0,0.0,42.5
Aridane Hernández,Rayo Vallecano,2024-2025,DF,35,14.0,"1,025",0.0,0.0,42.9
Alfonso Espino,Rayo Vallecano,2024-2025,DF,32,16.0,833,0.0,1.0,43.1
Gerard Gumbau,Rayo Vallecano,2024-2025,MF,29,22.0,849,0.0,1.0,43.1
Dani Cárdenas,Rayo Vallecano,2024-2025,GK,27,6.0,540,0.0,0.0,43.1
Óscar Trejo,Rayo Vallecano,2024-2025,MF,36,19.0,496,1.0,0.0,43.1
Sergi Guardiola,Rayo Vallecano,2024-2025,FW,33,16.0,362,0.0,0.0,43.1
James Rodríguez,Rayo Vallecano,2024-2025,MF,33,6.0,140,0.0,0.0,43.1
Pelayo Fernandez,Rayo Vallecano,2024-2025,DF,21,2.0,98,0.0,0.0,43.1
Etienne Eto'o,Rayo Vallecano,2024-2025,FW,21,2.0,40,0.0,0.0,43.1
Raúl de Tomás,Rayo Vallecano,2024-2025,FW,29,2.0,22,0.0,0.0,43.1
Juanpe,Rayo Vallecano,2024-2025,GK,23,0.0,,,,43.1
Marco de las Sías,Rayo Vallecano,2024-2025,DF,18,0.0,,,,43.1
Sergio Lozano,Rayo Vallecano,2024-2025,DF,18,0.0,,,,43.1
Diego Méndez,Rayo Vallecano,2024-2025,MF,20,0.0,,,,43.1
Joni Montiel,Rayo Vallecano,2024-2025,MF,25,0.0,,,,43.1
Morro,Rayo Vallecano,2024-2025,GK,23,0.0,,,,43.1
Dodi Lukebakio,Sevilla FC,2024-2025,"MF,FW",26,,"3,092",11.0,2.0,64.1
Carmona,Sevilla FC,2024-2025,DF,22,,"2,942",0.0,0.0,41.0
Loïc Bade,Sevilla FC,2024-2025,DF,24,,"2,686",1.0,1.0,43.7
Ørjan Nyland,Sevilla FC,2024-2025,GK,33,,"2,673",0.0,0.0,42.7
Nemanja Gudelj,Sevilla FC,2024-2025,"MF,DF",32,,"2,493",1.0,1.0,43.9
Adrià Pedrosa,Sevilla FC,2024-2025,DF,26,,"2,298",1.0,1.0,44.5
Isaac Romero,Sevilla FC,2024-2025,FW,24,,"2,156",4.0,2.0,49.8
Kike Salas,Sevilla FC,2024-2025,DF,22,,"2,238",3.0,2.0,49.4
Lucien Agoume,Sevilla FC,2024-2025,MF,22,,"2,114",1.0,3.0,45.7
Djibril Sow,Sevilla FC,2024-2025,MF,27,,"2,062",2.0,1.0,46.9
Juanlu Sánchez,Sevilla FC,2024-2025,"MF,DF",20,,"1,722",4.0,4.0,52.1
Saúl Ñíguez,Sevilla FC,2024-2025,MF,29,,"1,553",1.0,6.0,47.4
Albert Sambi Lokonga,Sevilla FC,2024-2025,MF,24,,"1,471",0.0,2.0,43.9
Peque,Sevilla FC,2024-2025,"MF,FW",21,,"1,134",1.0,1.0,45.7
Chidera Ejuke,Sevilla FC,2024-2025,"MF,FW",26,,966,2.0,1.0,43.1
Ruben Vargas,Sevilla FC,2024-2025,"MF,FW",25,,671,2.0,1.0,43.1
Álvaro Fernández,Sevilla FC,2024-2025,GK,26,,747,0.0,0.0,43.1
Marcão,Sevilla FC,2024-2025,DF,28,,552,0.0,0.0,43.1
Tanguy Nianzou,Sevilla FC,2024-2025,DF,22,,518,0.0,0.0,43.1
Kelechi Iheanacho,Sevilla FC,2024-2025,FW,27,,400,0.0,0.0,43.1
Suso,Sevilla FC,2024-2025,"MF,FW",30,,606,0.0,2.0,43.1
Álvaro Pascual,Sevilla FC,2024-2025,FW,22,,408,1.0,0.0,43.1
Jesús Navas,Sevilla FC,2024-2025,"MF,FW",38,,424,1.0,0.0,43.1
Valentín Barco,Sevilla FC,2024-2025,DF,20,,288,0.0,0.0,43.1
Stanis Idumbo,Sevilla FC,2024-2025,MF,19,,284,1.0,1.0,43.1
Ramón Martínez,Sevilla FC,2024-2025,DF,21,,261,1.0,0.0,43.1
Lucas Ocampos,Sevilla FC,2024-2025,"MF,FW",30,,175,0.0,1.0,43.1
Manu Bueno,Sevilla FC,2024-2025,MF,20,,140,1.0,0.0,43.1
Akor Adams,Sevilla FC,2024-2025,FW,24,,134,0.0,0.0,43.1
Gonzalo Montiel,Sevilla FC,2024-2025,DF,27,,113,0.0,0.0,43.1
Diego Iturralde,Sevilla FC,2024-2025,MF,21,,37,0.0,0.0,43.1
Leandro Antonetti,Sevilla FC,2024-2025,FW,21,,28,0.0,0.0,43.1
Israel Domínguez,Sevilla FC,2024-2025,MF,21,,18,0.0,0.0,43.1
Mateo Mejía,Sevilla FC,2024-2025,FW,21,,11,0.0,0.0,43.1
Darío Fuentes,Sevilla FC,2024-2025,DF,21,,5,0.0,0.0,43.1
Matías Árbol,Sevilla FC,2024-2025,GK,21,,,,,43.1
Castrin,Sevilla FC,2024-2025,DF,21,,,,,43.1
Pablo Cruz,Sevilla FC,2024-2025,MF,20,,,,,43.1
Lulo Dasilva,Sevilla FC,2024-2025,MF,21,,,,,43.1
Alberto López,Sevilla FC,2024-2025,MF,19,,,,,43.1
Alberto López,Sevilla FC,2024-2025,GK,20,,,,,43.1
Joaquín Martínez Gauna,Sevilla FC,2024-2025,FW,21,,,,,43.1
Pedro Ortiz,Sevilla FC,2024-2025,MF,23,,,,,43.1
Rafa,Sevilla FC,2024-2025,GK,20,,,,,43.1
Álex Remiro,Real Sociedad,2024-2025,GK,29,,"3,240",0.0,0.0,43.1
Martín Zubimendi,Real Sociedad,2024-2025,MF,25,,"2,962",2.0,1.0,46.7
Sergio Gómez,Real Sociedad,2024-2025,MF,23,,"2,738",2.0,5.0,50.2
Jon Aramburu,Real Sociedad,2024-2025,DF,22,,"2,460",1.0,1.0,44.3
Mikel Oyarzabal,Real Sociedad,2024-2025,FW,27,,"2,250",9.0,3.0,58.4
Takefusa Kubo,Real Sociedad,2024-2025,"MF,FW",23,,"2,372",5.0,0.0,51.9
Igor Zubeldia,Real Sociedad,2024-2025,DF,27,,"2,269",0.0,0.0,41.2
Javi López,Real Sociedad,2024-2025,DF,22,,"1,936",0.0,0.0,42.3
Luka Sučić,Real Sociedad,2024-2025,MF,21,,"1,792",1.0,1.0,45.1
Nayef Aguerd,Real Sociedad,2024-2025,DF,28,,"1,760",0.0,0.0,42.2
Brais Méndez,Real Sociedad,2024-2025,"MF,FW",27,,"1,531",3.0,2.0,49.8
Aritz Elustondo,Real Sociedad,2024-2025,DF,30,,"1,457",0.0,0.0,42.0
Ander Barrenetxea,Real Sociedad,2024-2025,MF,22,,"1,263",1.0,3.0,46.3
Pablo Marín,Real Sociedad,2024-2025,MF,21,,"1,239",1.0,2.0,46.1
Aihen Muñoz,Real Sociedad,2024-2025,DF,26,,"1,098",0.0,0.0,42.2
Sheraldo Becker,Real Sociedad,2024-2025,"MF,FW",29,,995,2.0,1.0,43.1
Beñat Turrientes,Real Sociedad,2024-2025,MF,22,,942,0.0,0.0,43.1
Orri Steinn Óskarsson,Real Sociedad,2024-2025,FW,19,,944,3.0,0.0,43.1
Jon Pacheco,Real Sociedad,2024-2025,DF,23,,854,0.0,0.0,43.1
Hamari Traoré,Real Sociedad,2024-2025,DF,32,,700,0.0,1.0,43.1
Olasagasti,Real Sociedad,2024-2025,MF,23,,857,1.0,1.0,43.1
Jon Martin,Real Sociedad,2024-2025,DF,18,,904,0.0,1.0,43.1
Umar Sadiq,Real Sociedad,2024-2025,FW,27,,227,0.0,0.0,43.1
Unai Marrero,Real Sociedad,2024-2025,GK,22,,180,0.0,0.0,43.1
Arkaitz Mariezkurrena,Real Sociedad,2024-2025,FW,19,,241,2.0,0.0,43.1
Arsen Zakharyan,Real Sociedad,2024-2025,MF,21,,73,1.0,0.0,43.2
Urko González,Real Sociedad,2024-2025,MF,23,,45,0.0,0.0,43.1
Álvaro Odriozola,Real Sociedad,2024-2025,DF,28,,43,0.0,0.0,43.1
Daniel Díaz,Real Sociedad,2024-2025,FW,18,,10,0.0,0.0,43.1
Luken Beitia,Real Sociedad,2024-2025,DF,20,,8,0.0,0.0,43.1
Jon Magunazelaia,Real Sociedad,2024-2025,MF,23,,7,0.0,0.0,43.1
Egoitz Arana,Real Sociedad,2024-2025,GK,22,,,,,43.1
Jon Balda,Real Sociedad,2024-2025,DF,22,,,,,43.1
Aitor Fraga,Real Sociedad,2024-2025,GK,21,,,,,43.1
Mikel Goti,Real Sociedad,2024-2025,MF,22,,,,,43.1
Alex Marchal,Real Sociedad,2024-2025,MF,16,,,,,43.1
Iñaki Rupérez,Real Sociedad,2024-2025,DF,21,,,,,43.1
Cristhian Mosquera,Valencia CF,2024-2025,DF,20,,"3,319",1.0,0.0,43.9
Diego López,Valencia CF,2024-2025,MF,22,,"2,737",8.0,5.0,62.1
Giorgi Mamardashvili,Valencia CF,2024-2025,GK,23,,"3,060",0.0,0.0,42.7
César Tárrega,Valencia CF,2024-2025,DF,22,,"3,026",2.0,0.0,45.7
Luis Rioja,Valencia CF,2024-2025,MF,30,,"2,831",5.0,3.0,52.5
Javier Guerra,Valencia CF,2024-2025,MF,21,,"2,581",3.0,3.0,50.4
Enzo Barrenechea,Valencia CF,2024-2025,MF,23,,"2,191",1.0,2.0,45.5
Dimitri Foulquier,Valencia CF,2024-2025,DF,31,,"2,299",0.0,1.0,42.7
Hugo Duro,Valencia CF,2024-2025,FW,24,,"2,166",11.0,2.0,64.5
Domingos André Ribeiro Almeida,Valencia CF,2024-2025,"MF,FW",24,,"1,977",0.0,4.0,45.9
José Luis Gayà,Valencia CF,2024-2025,DF,29,,"1,803",0.0,1.0,42.5
José Luis García Vayá,Valencia CF,2024-2025,MF,25,,"1,742",2.0,2.0,44.7
Jesus Vazquez,Valencia CF,2024-2025,DF,21,,919,0.0,0.0,43.1
Yarek Gasiorowski,Valencia CF,2024-2025,DF,19,,947,0.0,0.0,43.1
Umar Sadiq,Valencia CF,2024-2025,FW,27,,825,5.0,0.0,43.1
Thierry Correia,Valencia CF,2024-2025,DF,25,,768,0.0,0.0,43.1
Mouctar Diakhaby,Valencia CF,2024-2025,DF,27,,653,2.0,0.0,43.1
Rafa Mir,Valencia CF,2024-2025,"FW,MF",27,,753,1.0,2.0,43.1
Dani Gómez,Valencia CF,2024-2025,FW,26,,532,2.0,0.0,43.1
Francisco Perez,Valencia CF,2024-2025,MF,21,,570,0.0,0.0,43.1
Hugo Guillamón,Valencia CF,2024-2025,MF,24,,364,0.0,0.0,43.1
Stole Dimitrievski,Valencia CF,2024-2025,GK,30,,360,0.0,0.0,43.1
Sergi Canós,Valencia CF,2024-2025,MF,27,,370,0.0,1.0,43.1
Ivan Jaime Pajuelo,Valencia CF,2024-2025,MF,23,,297,0.0,0.0,43.1
Germán Valera,Valencia CF,2024-2025,MF,22,,148,0.0,0.0,43.1
Max Aarons,Valencia CF,2024-2025,DF,24,,120,0.0,0.0,43.1
Maximiliano Caufriez,Valencia CF,2024-2025,DF,27,,90,0.0,0.0,43.1
Rodrigo Abajas,Valencia CF,2024-2025,DF,21,,65,0.0,0.0,43.1
Martín Tejón,Valencia CF,2024-2025,MF,20,,49,0.0,0.0,43.1
Iker Córdoba,Valencia CF,2024-2025,DF,18,,15,0.0,0.0,43.1
David Otorbi,Valencia CF,2024-2025,FW,16,,14,0.0,0.0,43.1
Alberto Marí,Valencia CF,2024-2025,FW,23,,7,0.0,0.0,43.1
Vicent Abril,Valencia CF,2024-2025,GK,19,,,,,43.1
Pedro Alemañ,Valencia CF,2024-2025,MF,22,,,,,43.1
Hamza Bellari,Valencia CF,2024-2025,FW,21,,,,,43.1
Jaume Doménech,Valencia CF,2024-2025,GK,33,,,,,43.1
Raúl Jiménez,Valencia CF,2024-2025,GK,18,,,,,43.1
Ruben Lendinez,Valencia CF,2024-2025,DF,21,,,,,43.1
Warren Madrigal,Valencia CF,2024-2025,FW,20,,,,,43.1
Lucas Núñez,Valencia CF,2024-2025,MF,18,,,,,43.1
Cenk Özkacar,Valencia CF,2024-2025,DF,23,,,,,43.1
Karl Jakob Hein,Real Valladolid,2024-2025,GK,22,,"2,790",0.0,0.0,43.1
Luis Pérez,Real Valladolid,2024-2025,DF,29,,"2,558",0.0,0.0,42.7
Raúl Moro,Real Valladolid,2024-2025,"MF,FW",21,,"2,341",4.0,5.0,54.5
Javi Sánchez,Real Valladolid,2024-2025,DF,27,,"2,026",2.0,0.0,45.9
Lucas Oliveira Rosa,Real Valladolid,2024-2025,DF,24,,"1,890",0.0,1.0,42.7
Eray Cömert,Real Valladolid,2024-2025,"DF,MF",26,,"1,779",0.0,0.0,42.0
Anuar,Real Valladolid,2024-2025,"MF,FW",29,,"1,720",2.0,0.0,45.7
Mario Martín,Real Valladolid,2024-2025,MF,20,,"1,748",0.0,1.0,40.0
Stanko Jurić,Real Valladolid,2024-2025,MF,27,,"1,729",0.0,0.0,41.0
Selim Amallah,Real Valladolid,2024-2025,MF,27,,"1,376",3.0,1.0,47.8
Mamadou Sylla,Real Valladolid,2024-2025,"FW,MF",30,,"1,583",5.0,1.0,49.6
David Torres,Real Valladolid,2024-2025,DF,21,,"1,387",0.0,0.0,42.2
Juanmi Latasa,Real Valladolid,2024-2025,FW,23,,"1,398",3.0,0.0,47.0
Kike Pérez,Real Valladolid,2024-2025,MF,27,,"1,191",2.0,0.0,45.9
Marcos André,Real Valladolid,2024-2025,FW,27,,"1,188",1.0,2.0,45.7
Antonio Candela,Real Valladolid,2024-2025,DF,24,,906,0.0,0.0,43.1
Iván Sánchez,Real Valladolid,2024-2025,MF,31,,"1,404",2.0,1.0,47.0
Adam Aznou,Real Valladolid,2024-2025,"DF,MF",18,,876,0.0,0.0,43.1
Abdulai Juma Bah,Real Valladolid,2024-2025,DF,18,,864,0.0,0.0,43.1
Tamás Nikitscher,Real Valladolid,2024-2025,"MF,DF",24,,858,0.0,0.0,43.1
Chuky san jose,Real Valladolid,2024-2025,"MF,FW",20,,728,2.0,0.0,43.1
Cenk Özkacar,Real Valladolid,2024-2025,DF,23,,757,0.0,0.0,43.1
Darwin Machís,Real Valladolid,2024-2025,"MF,FW",31,,639,0.0,1.0,43.1
Florian Grillitsch,Real Valladolid,2024-2025,MF,28,,623,0.0,0.0,43.1
Joseph Aidoo,Real Valladolid,2024-2025,DF,28,,583,0.0,0.0,43.1
André Ferreira,Real Valladolid,2024-2025,GK,28,,540,0.0,0.0,43.1
Amath,Real Valladolid,2024-2025,"FW,MF",28,,375,0.0,1.0,43.1
Henrique,Real Valladolid,2024-2025,DF,30,,352,0.0,0.0,43.1
Enzo Boyomo,Real Valladolid,2024-2025,DF,22,,270,0.0,0.0,43.1
Víctor Meseguer,Real Valladolid,2024-2025,MF,25,,418,0.0,0.0,43.1
Ibrahim Alani,Real Valladolid,2024-2025,MF,18,,160,0.0,0.0,43.1
Raúl Chasco,Real Valladolid,2024-2025,DF,20,,130,0.0,0.0,43.1
Arnau Rafús,Real Valladolid,2024-2025,GK,21,,90,0.0,0.0,43.1
Iago Parente,Real Valladolid,2024-2025,DF,18,,71,0.0,0.0,43.1
Xavier Moreno,Real Valladolid,2024-2025,FW,19,,45,0.0,0.0,43.1
Mario Maroto,Real Valladolid,2024-2025,MF,20,,64,0.0,1.0,43.1
Adrian Baquerin,Real Valladolid,2024-2025,FW,17,,49,0.0,0.0,43.1
Kenedy,Real Valladolid,2024-2025,"FW,MF",28,,9,0.0,0.0,43.1
Álvaro Aceves,Real Valladolid,2024-2025,GK,21,,,,,43.1
Stipe Biuk,Real Valladolid,2024-2025,"FW,MF",21,,,,,43.1
Jorge Gonzalez,Real Valladolid,2024-2025,DF,19,,,,,43.1
César de la Hoz,Real Valladolid,2024-2025,MF,32,,,,,43.1
Adrián Rodriguez,Real Valladolid,2024-2025,DF,21,,,,,43.1
Sergi Cardona,Villarreal CF,2024-2025,DF,25,35.0,"2,945",1.0,7.0,48.4
Alex Baena,Villarreal CF,2024-2025,"MF,FW",23,32.0,"2,595",7.0,9.0,62.1
Santi Comesaña,Villarreal CF,2024-2025,MF,27,35.0,"2,560",4.0,2.0,51.2
Logan Costa,Villarreal CF,2024-2025,DF,23,32.0,"2,587",2.0,1.0,47.2
Kiko Femenía,Villarreal CF,2024-2025,DF,33,28.0,"2,227",0.0,1.0,42.5
Daniel Parejo,Villarreal CF,2024-2025,MF,35,36.0,"2,273",3.0,3.0,49.0
Pape Gueye,Villarreal CF,2024-2025,"MF,FW",25,34.0,"2,224",4.0,0.0,48.2
Thierno Barry,Villarreal CF,2024-2025,FW,21,35.0,"2,323",11.0,4.0,66.2
Yeremi Pino,Villarreal CF,2024-2025,MF,21,34.0,"1,934",4.0,7.0,54.3
Ayoze Pérez,Villarreal CF,2024-2025,FW,31,30.0,"1,970",19.0,2.0,81.1
Diego Conde,Villarreal CF,2024-2025,GK,25,22.0,"1,962",0.0,1.0,43.5
Juan Foyth,Villarreal CF,2024-2025,DF,26,19.0,"1,517",1.0,0.0,44.3
Luiz Lúcio Reis Júnior,Villarreal CF,2024-2025,GK,23,17.0,"1,458",0.0,0.0,42.7
Nicolas Pépé,Villarreal CF,2024-2025,"FW,MF",29,28.0,"1,500",3.0,6.0,53.1
Raúl Albiol,Villarreal CF,2024-2025,DF,38,15.0,"1,188",0.0,0.0,42.2
Willy Kambwala,Villarreal CF,2024-2025,DF,19,19.0,"1,117",0.0,0.0,42.2
Pau Navarro,Villarreal CF,2024-2025,DF,19,17.0,916,0.0,0.0,43.1
Eric Bailly,Villarreal CF,2024-2025,DF,30,12.0,617,0.0,0.0,43.1
Denis Suárez,Villarreal CF,2024-2025,MF,30,21.0,608,1.0,1.0,43.1
Ilias Akhomach,Villarreal CF,2024-2025,MF,20,11.0,584,1.0,0.0,43.1
Gerard Moreno,Villarreal CF,2024-2025,FW,32,17.0,721,3.0,2.0,43.1
Alfonso Pedraza,Villarreal CF,2024-2025,"DF,MF",28,12.0,460,0.0,2.0,43.1
Tajon Buchanan,Villarreal CF,2024-2025,MF,25,13.0,416,1.0,2.0,43.1
Arnaut Danjuma,Villarreal CF,2024-2025,FW,27,3.0,200,2.0,0.0,43.2
Juan Bernat,Villarreal CF,2024-2025,DF,31,10.0,212,0.0,1.0,43.1
Ramón Terrats,Villarreal CF,2024-2025,FW,23,11.0,131,0.0,0.0,43.1
Pau Cabanes,Villarreal CF,2024-2025,FW,19,10.0,163,1.0,0.0,43.1
Karl Etta Eyong,Villarreal CF,2024-2025,FW,20,4.0,37,1.0,0.0,43.2
Arnau Solà,Villarreal CF,2024-2025,DF,21,1.0,13,0.0,0.0,43.1
Daniel Requena,Villarreal CF,2024-2025,MF,20,1.0,10,0.0,0.0,43.1
Thiago Ojeda,Villarreal CF,2024-2025,MF,21,1.0,8,0.0,0.0,43.1
Iker Álvarez,Villarreal CF,2024-2025,GK,23,0.0,,,,43.1
Alassane Diatta,Villarreal CF,2024-2025,MF,19,0.0,,,,43.1
Antonio Espigare,Villarreal CF,2024-2025,DF,19,0.0,,,,43.1
Rubén Gómez,Villarreal CF,2024-2025,GK,22,0.0,,,,43.1
